/*
SQLyog Ultimate v12.5.1 (64 bit)
MySQL - 10.4.13-MariaDB : Database - backend_database_stt
*********************************************************************
*/

/*!40101 SET NAMES utf8 */;

/*!40101 SET SQL_MODE=''*/;

/*!40014 SET @OLD_UNIQUE_CHECKS=@@UNIQUE_CHECKS, UNIQUE_CHECKS=0 */;
/*!40014 SET @OLD_FOREIGN_KEY_CHECKS=@@FOREIGN_KEY_CHECKS, FOREIGN_KEY_CHECKS=0 */;
/*!40101 SET @OLD_SQL_MODE=@@SQL_MODE, SQL_MODE='NO_AUTO_VALUE_ON_ZERO' */;
/*!40111 SET @OLD_SQL_NOTES=@@SQL_NOTES, SQL_NOTES=0 */;
CREATE DATABASE /*!32312 IF NOT EXISTS*/`backend_database_stt` /*!40100 DEFAULT CHARACTER SET utf8mb4 */;

USE `backend_database_stt`;

/*Table structure for table `event` */

DROP TABLE IF EXISTS `event`;

CREATE TABLE `event` (
  `id` int(10) unsigned NOT NULL AUTO_INCREMENT,
  `nama_acara` varchar(255) COLLATE utf8mb4_unicode_ci NOT NULL,
  `tanggal_acara` varchar(255) COLLATE utf8mb4_unicode_ci NOT NULL,
  `tempat_acara` varchar(255) COLLATE utf8mb4_unicode_ci NOT NULL,
  `alamat` varchar(255) COLLATE utf8mb4_unicode_ci NOT NULL,
  `keterangan` varchar(255) COLLATE utf8mb4_unicode_ci NOT NULL,
  `photo` text COLLATE utf8mb4_unicode_ci DEFAULT NULL,
  `created_at` timestamp NULL DEFAULT NULL,
  `updated_at` timestamp NULL DEFAULT NULL,
  PRIMARY KEY (`id`)
) ENGINE=InnoDB AUTO_INCREMENT=92 DEFAULT CHARSET=utf8mb4 COLLATE=utf8mb4_unicode_ci;

/*Data for the table `event` */

insert  into `event`(`id`,`nama_acara`,`tanggal_acara`,`tempat_acara`,`alamat`,`keterangan`,`photo`,`created_at`,`updated_at`) values 
(5,'test-event','12/12/2020','test','test','test',NULL,NULL,NULL),
(6,'pawiwahan','21/12/2020','dps','dps','test',NULL,NULL,NULL),
(7,'nikahan','12/12/2020','dps','dps','test',NULL,NULL,NULL),
(8,'otonanku','12/12/2020','denpasar','denpasar','test',NULL,NULL,NULL),
(9,'potong gigi','12/12/2020','jimbaran','jimbaran','potong gigi',NULL,NULL,NULL),
(10,'kawinan si anu','21/12/2020','jimbaran','jimbaran','kawinan',NULL,NULL,NULL),
(28,'test','12/12/2020','denpasar','test','test','http://192.168.18.10/image/IMG_test.jpg',NULL,NULL),
(29,'acara otonan 2','12/12/2020','denpasar','denpasar','test',NULL,NULL,NULL),
(30,'acara','12/12/2020','denpasar','denpasar','test',NULL,NULL,NULL),
(31,'pawiwahan','31/12/2020','denpasar','denpasar','test',NULL,NULL,NULL),
(32,'postest','28/12/2020','denpasar','denpasar','test','http://192.168.18.10/image/IMG_postest.jpg',NULL,NULL),
(63,'benerin ruangan kek di gambar','12/12/2020','denpasar','denpasar','test gambar','http://192.168.18.10/image/IMG_benerin ruangan kek di gambar.jpg',NULL,NULL),
(64,'test input gambar','12/12/2020','denpasr','denpasar','test input gambar','http://192.168.18.10/image/IMG_test input gambar.jpg',NULL,NULL),
(68,'test sqlite','12/12/2020','denpasar','denpasar','test sqlite offline','http://192.168.18.10/image/IMG_test sqlite.jpg','2020-12-31 15:09:47','2020-12-31 15:09:47'),
(69,'test 1','12/12/2020','denpasr','denpasar','test','http://192.168.18.10/image/IMG_test 1.jpg','2021-01-01 12:56:26','2021-01-01 12:56:26'),
(70,'TEST NOTIFIKASI','21/12/2021','denpasar','denpasar','denpasar','http://192.168.18.10/image/IMG_TEST NOTIFIKASI.jpg','2021-01-01 13:04:52','2021-01-01 13:04:52'),
(71,'test acara request','12/12/2020','denpasar','denpasar','test','http://192.168.18.10/image/IMG_test acara request.jpg','2021-01-01 13:06:37','2021-01-01 13:06:37'),
(72,'test laravel req acara notif','12/12/2020','denpasar','denpasar','test','http://192.168.18.10/image/IMG_test laravel req acara notif.jpg','2021-01-01 18:46:32','2021-01-01 18:46:32'),
(74,'test acara offline laravel','12/12/2020','denpasar','denpasar','denpasar','http://192.168.18.194/image/IMG_test acara offline laravel.jpg','2021-01-03 08:22:03','2021-01-03 08:22:03'),
(75,'test detail acara offline edit','12/12/2020','denpasar','denpasar','denpasar','image/IMG_test detail acara offline edit.jpg','2021-01-04 18:50:29','2021-01-05 06:31:26'),
(76,'test image view isi gambar','12/12/2020','denpaasr','denpasar','test',NULL,'2021-01-06 04:49:46','2021-01-06 04:49:46'),
(77,'test request acara isi gambar 2','12/12/2020','denpasar','denpasar','test',NULL,'2021-01-06 08:53:42','2021-01-06 08:53:42'),
(78,'test acara isi gambar approve 3','12/12/2020','denpasar','denpasar','test',NULL,'2021-01-06 18:11:29','2021-01-06 18:11:29'),
(79,'test request acara isi gambar','12/12/2020','denpasar','denpasar','denpasar',NULL,'2021-01-06 18:14:45','2021-01-06 18:14:45'),
(80,'acara nikahan plis approve','12/12/2021','peguyangan kaja','denpasar','acara nikahan plis approve','image/IMG_REQUEST_acara nikahan plis approve.jpg','2021-01-07 00:33:23','2021-01-07 00:33:23'),
(81,'test acara approve percobaan ketiga','8/01/2021','denpasar','denpasar','test','image/IMG_REQUEST_test acara approve percobaan ketiga.jpg','2021-01-07 00:43:28','2021-01-07 00:43:28'),
(82,'Test Tambah Acara','12/12/2021','Denpasar','Denpasar','Test',NULL,'2021-01-07 03:36:14','2021-01-07 03:36:14'),
(83,'final tests','12/12/2020','denpasar','denpasar','test',NULL,'2021-01-07 05:47:25','2021-01-07 05:47:25'),
(84,'Test Acara SQLite','12/12/2020','Denpasar','Denpasar','Test Acara SQLite',NULL,'2021-01-07 11:52:07','2021-01-07 11:52:07'),
(85,'Test Input Acara STT','12/12/2020','Denpasar','Denpasar','Test Input Acara',NULL,'2021-01-07 11:56:06','2021-01-07 11:56:06'),
(86,'Test Input Tanggal','7/1/2021','Denpasar','Denpasar','Test',NULL,'2021-01-07 12:11:11','2021-01-07 12:11:11'),
(87,'Test Acara Input','7/1/2021','Denpasar','Denpasar','Test',NULL,'2021-01-07 12:13:08','2021-01-07 12:13:08'),
(88,'Test Input Gambar 3','7/2/2021','Denpasar','Denpasar','Test','http://192.168.18.10/image/IMG_Test Input Gambar 3.jpg','2021-01-07 12:15:38','2021-01-07 12:15:38'),
(89,'test input gambar 4','7/1/2022','test','test','test','image/IMG_test input gambar 4.jpg','2021-01-07 12:16:47','2021-01-07 12:16:47');

/*Table structure for table `failed_jobs` */

DROP TABLE IF EXISTS `failed_jobs`;

CREATE TABLE `failed_jobs` (
  `id` bigint(20) unsigned NOT NULL AUTO_INCREMENT,
  `uuid` varchar(255) COLLATE utf8mb4_unicode_ci NOT NULL,
  `connection` text COLLATE utf8mb4_unicode_ci NOT NULL,
  `queue` text COLLATE utf8mb4_unicode_ci NOT NULL,
  `payload` longtext COLLATE utf8mb4_unicode_ci NOT NULL,
  `exception` longtext COLLATE utf8mb4_unicode_ci NOT NULL,
  `failed_at` timestamp NOT NULL DEFAULT current_timestamp(),
  PRIMARY KEY (`id`),
  UNIQUE KEY `failed_jobs_uuid_unique` (`uuid`)
) ENGINE=InnoDB DEFAULT CHARSET=utf8mb4 COLLATE=utf8mb4_unicode_ci;

/*Data for the table `failed_jobs` */

/*Table structure for table `migrations` */

DROP TABLE IF EXISTS `migrations`;

CREATE TABLE `migrations` (
  `id` int(10) unsigned NOT NULL AUTO_INCREMENT,
  `migration` varchar(255) COLLATE utf8mb4_unicode_ci NOT NULL,
  `batch` int(11) NOT NULL,
  PRIMARY KEY (`id`)
) ENGINE=InnoDB AUTO_INCREMENT=11 DEFAULT CHARSET=utf8mb4 COLLATE=utf8mb4_unicode_ci;

/*Data for the table `migrations` */

insert  into `migrations`(`id`,`migration`,`batch`) values 
(1,'2014_10_12_000000_create_users_table',1),
(2,'2014_10_12_100000_create_password_resets_table',1),
(3,'2016_06_01_000001_create_oauth_auth_codes_table',1),
(4,'2016_06_01_000002_create_oauth_access_tokens_table',1),
(5,'2016_06_01_000003_create_oauth_refresh_tokens_table',1),
(6,'2016_06_01_000004_create_oauth_clients_table',1),
(7,'2016_06_01_000005_create_oauth_personal_access_clients_table',1),
(8,'2019_08_19_000000_create_failed_jobs_table',1),
(9,'2020_12_01_084325_create_event',2),
(10,'2020_12_16_175102_create_table_event',3);

/*Table structure for table `oauth_access_tokens` */

DROP TABLE IF EXISTS `oauth_access_tokens`;

CREATE TABLE `oauth_access_tokens` (
  `id` varchar(100) COLLATE utf8mb4_unicode_ci NOT NULL,
  `user_id` bigint(20) unsigned DEFAULT NULL,
  `client_id` bigint(20) unsigned NOT NULL,
  `name` varchar(255) COLLATE utf8mb4_unicode_ci DEFAULT NULL,
  `scopes` text COLLATE utf8mb4_unicode_ci DEFAULT NULL,
  `revoked` tinyint(1) NOT NULL,
  `created_at` timestamp NULL DEFAULT NULL,
  `updated_at` timestamp NULL DEFAULT NULL,
  `expires_at` datetime DEFAULT NULL,
  PRIMARY KEY (`id`),
  KEY `oauth_access_tokens_user_id_index` (`user_id`)
) ENGINE=InnoDB DEFAULT CHARSET=utf8mb4 COLLATE=utf8mb4_unicode_ci;

/*Data for the table `oauth_access_tokens` */

insert  into `oauth_access_tokens`(`id`,`user_id`,`client_id`,`name`,`scopes`,`revoked`,`created_at`,`updated_at`,`expires_at`) values 
('003f8da65226a6937ea0d4093a26734e1f28c362a52bbaee528ac236004cf210129b5ece285da888',27,1,NULL,'[\"*\"]',0,'2021-01-07 03:34:42','2021-01-07 03:34:42','2021-01-22 03:34:42'),
('011a51e6242587dadfb612e0d717981e54c54b7104a0273cfa18d3ca75a4629314968b452ad3e641',13,1,NULL,'[\"*\"]',0,'2020-12-25 13:31:28','2020-12-25 13:31:28','2021-01-09 13:31:27'),
('013e85aef47345132484328f92994b508ca0c4d1768d4b6baa21382be3651782a1c71f11dfebc6c2',15,1,NULL,'[\"*\"]',0,'2020-12-26 07:22:06','2020-12-26 07:22:06','2021-01-10 07:22:05'),
('0293a50b2c84e2fee37c918429fb8aceee3a484de2d54ec42891b78946d97e2a5deb55e993c99058',11,1,NULL,'[\"*\"]',0,'2020-12-19 13:35:23','2020-12-19 13:35:23','2021-01-03 13:35:22'),
('02bd2349bf3d5cbf3160265a40abb6c42a472d50ba35b9c02401356bce0a615dc73f77a19a55fbc1',27,1,NULL,'[\"*\"]',0,'2021-01-03 08:21:04','2021-01-03 08:21:04','2021-01-18 08:21:04'),
('03be33d3728896ee8b7a2a0bbf773730e70bb107a9938af665ec11f548c390b9cbe2cd6cab107cb7',28,1,NULL,'[\"*\"]',0,'2020-12-29 18:01:07','2020-12-29 18:01:07','2021-01-13 18:01:06'),
('052b7683d702ca91a5385ccd464abff11289e94e72726c4190a10d51c5dab82d73b2a564185a3e51',15,1,NULL,'[\"*\"]',0,'2020-12-25 15:39:45','2020-12-25 15:39:45','2021-01-09 15:39:45'),
('07d615f3dcb0f517a983b77516a916501abfe91a968acc24d69748143eb68a87bef9293f7a9c831c',15,1,NULL,'[\"*\"]',0,'2020-12-26 16:38:22','2020-12-26 16:38:22','2021-01-10 16:38:22'),
('0aabd001f80f31d9849304b7c1fe049b862bea71edc378e5ecc74b1134e78e7240c053a724408af5',15,1,NULL,'[\"*\"]',0,'2020-12-27 03:39:04','2020-12-27 03:39:04','2021-01-11 03:39:04'),
('0e22cec5af9771c7b99edc85279f523dba4835cca8d6deb20a2d313160f32951005e3d3ecd9d5d3f',27,1,NULL,'[\"*\"]',0,'2021-01-05 12:20:10','2021-01-05 12:20:10','2021-01-20 12:20:10'),
('10e070286b6193598e6aac4071bc427bf849df6bcc03eca4e57e8a0508eb2edb209c04ec22937b56',9,1,NULL,'[\"*\"]',0,'2020-12-20 18:53:14','2020-12-20 18:53:14','2021-01-04 18:53:08'),
('125be455beeb46e53fc5552dcd3337e639400f00b749ea45e2765b8c8add0f057ad8614a2dec3d4b',15,1,NULL,'[\"*\"]',0,'2020-12-27 04:48:59','2020-12-27 04:48:59','2021-01-11 04:48:59'),
('148be630272a1226f819718fd1bdc4049032efcc07c066db2ed30d4d9c03c9ebe71c94177039554e',5,1,NULL,'[\"*\"]',0,'2020-11-24 18:04:31','2020-11-24 18:04:31','2020-12-09 18:04:31'),
('15c2771db2caa3c8e6f7da5fa22835616953371a786d66fe01b2f88c14f7ee77901cba611a441ce6',25,1,NULL,'[\"*\"]',0,'2020-12-27 09:03:06','2020-12-27 09:03:06','2021-01-11 09:03:06'),
('17ab61e00cdf47ca14c974ddbbe4d7861e4a8e68a2531bc8350dcad959e71d0b86755a1bdf166568',15,1,NULL,'[\"*\"]',0,'2020-12-25 14:20:15','2020-12-25 14:20:15','2021-01-09 14:20:15'),
('1ae9c5b54e034d6dd73694a919c1e8f2057ba47fdd4bf1e4fafadf1e32d2378236ac5d2a3e88dac9',9,1,NULL,'[\"*\"]',0,'2020-12-17 09:23:03','2020-12-17 09:23:03','2021-01-01 09:23:03'),
('1b31bb0fcf244b7f1b2f8c96a8cb8cd6e2618818c9ae9ed3339010e4ac57760c1746ec4cd1fb5939',11,1,NULL,'[\"*\"]',0,'2020-12-23 15:20:23','2020-12-23 15:20:23','2021-01-07 15:20:23'),
('1e9030022442c053ace4cc9cad39e2dbd370e31400ef6b0636855de89b53bb8b2bc8b83c87da4931',27,1,NULL,'[\"*\"]',0,'2021-01-07 11:48:08','2021-01-07 11:48:08','2021-01-22 11:48:07'),
('1fb71baaa6b5c4a88da9995ad2dfc8716978f189063eefca76355efa5d66914b429a7a3cf9d1238f',27,1,NULL,'[\"*\"]',0,'2020-12-29 17:22:11','2020-12-29 17:22:11','2021-01-13 17:22:11'),
('1fc768362fbde836e40e000610d66235d63d3818401fcf7383745a43b6d9356e443e4066bc9580ef',26,1,NULL,'[\"*\"]',0,'2021-01-07 00:38:30','2021-01-07 00:38:30','2021-01-22 00:38:30'),
('2150e0854dbae266ace1179280e5da04570b70610b1a87d9c016b19d5b24ef3bac0283a6a9dce3a8',32,1,NULL,'[\"*\"]',0,'2021-01-07 11:57:20','2021-01-07 11:57:20','2021-01-22 11:57:20'),
('2308ad5a37f73ef5faa120ac0129396bf1a8080ea652e4ae5c8854029741eb3bd2365057a08c4b20',21,1,NULL,'[\"*\"]',0,'2020-12-26 06:28:02','2020-12-26 06:28:02','2021-01-10 06:28:01'),
('233c1f031497d287863c62f7af123920f421661d6b760e7e7daa4961afb761c89009f9aa3eb3f7a9',27,1,NULL,'[\"*\"]',0,'2021-01-08 06:56:45','2021-01-08 06:56:45','2021-01-23 06:56:45'),
('24e73f7c0c9594f71b10b64f6f3c28836e7c5c85b8bcdec660a22040815c90e19a6912f5472f8376',15,1,NULL,'[\"*\"]',0,'2020-12-27 03:41:34','2020-12-27 03:41:34','2021-01-11 03:41:34'),
('25fe8d0a781072cfaa1022688458d841db018638dc047c25bb4861dda16109dad2c17926cd908ba7',26,1,NULL,'[\"*\"]',0,'2021-01-05 18:20:10','2021-01-05 18:20:10','2021-01-20 18:20:09'),
('26599e0ea8edc0bffbcae53a37d1cd187b416d6d4eda878dc14e5d5b1f96d09fe276a9ab78fff0a3',27,1,NULL,'[\"*\"]',0,'2020-12-31 14:24:04','2020-12-31 14:24:04','2021-01-15 14:24:04'),
('28040f8bfdc0c1715097198bf6e2a6f02335f128818069d4665a2e141a10416a56d6db74594bfd1f',15,1,NULL,'[\"*\"]',0,'2020-12-27 07:07:05','2020-12-27 07:07:05','2021-01-11 07:07:05'),
('28205a707da266af53d1a9b5ddbe38165baf4bff667fac25717d34f41d290685feab72fd6a3fb227',25,1,NULL,'[\"*\"]',0,'2020-12-27 09:06:47','2020-12-27 09:06:47','2021-01-11 09:06:47'),
('28277efe634c58363986bbdb44705e886626ddd1ecd1aa901b57aff9b17a54c398a102af9dbcbc13',27,1,NULL,'[\"*\"]',0,'2021-01-07 12:10:29','2021-01-07 12:10:29','2021-01-22 12:10:29'),
('28d4a4ef43446039b0cbaf9792ef46aa91a66481d39b341071f42f7e1b076640afd44dbc2941e300',15,1,NULL,'[\"*\"]',0,'2020-12-26 16:36:04','2020-12-26 16:36:04','2021-01-10 16:36:04'),
('28efdc91a7557e42d4ffd1e3fa5e402bf3464548bb854310fd9ad4df78bce9dbed8e56ada4da5021',13,1,NULL,'[\"*\"]',0,'2020-12-25 14:06:23','2020-12-25 14:06:23','2021-01-09 14:06:22'),
('29bdfd20e1eab803d0176203224dfe6544c45dcad8233881099587cd8ad9a328115602949eaa7928',15,1,NULL,'[\"*\"]',0,'2020-12-26 16:17:45','2020-12-26 16:17:45','2021-01-10 16:17:45'),
('2a05ea2af20a558125d3e602d9e05e9abbe98960227fd429339e7b78129f8d394fe29b359059d5fb',26,1,NULL,'[\"*\"]',0,'2021-01-03 08:10:34','2021-01-03 08:10:34','2021-01-18 08:10:32'),
('2c6ddb29c129c96beec1afdd809787774011e9a532662c7be7d4a9ce6d70b8e0caf07203df2f4c69',5,1,NULL,'[\"*\"]',0,'2020-11-24 17:28:50','2020-11-24 17:28:50','2020-12-09 17:28:50'),
('2ca6bcd0a78991906c70e68bb9ee2f0e5e27c60dc878f61d7c42c293a12b514bb774ae014085c904',6,1,NULL,'[\"*\"]',0,'2020-12-11 13:00:31','2020-12-11 13:00:31','2020-12-26 13:00:29'),
('2ef394ff95efa6fa67896f9cd0c94181d0f3d76ceace65a293abaa35f893c63d31195b389d3359f7',15,1,NULL,'[\"*\"]',0,'2020-12-26 16:20:23','2020-12-26 16:20:23','2021-01-10 16:20:23'),
('2f2de26dc5275f8414a0cd05325e814f6f788d4e4fa35938d2f2d375d026d1359967b3bc50298dee',15,1,NULL,'[\"*\"]',0,'2020-12-26 19:26:12','2020-12-26 19:26:12','2021-01-10 19:26:12'),
('2f3038b5dfa34e0fb4c253a264606925147403cd9d6e911cf390f3ce8a4a17b8b608e5f3012acbea',27,1,NULL,'[\"*\"]',0,'2021-01-04 18:46:42','2021-01-04 18:46:42','2021-01-19 18:46:41'),
('2f6b35aeca18e8e73001d680057ddfa46d34cdbfa14eb9bf91c702113914a0c8fd8172431d0e41e0',26,1,NULL,'[\"*\"]',0,'2020-12-31 15:20:11','2020-12-31 15:20:11','2021-01-15 15:20:11'),
('2f70078a5d6cd88efe1e36536038b96194274b09d0a1baf5210c6adb0f5a0a1b7619063d48ced10c',9,1,NULL,'[\"*\"]',0,'2020-12-16 16:20:05','2020-12-16 16:20:05','2020-12-31 16:20:05'),
('32e955f5ae4e29d2706975206aa5e3f9bd8c334acb51ad931a39b26124d422b257237a3173fc9ece',15,1,NULL,'[\"*\"]',0,'2020-12-26 19:01:31','2020-12-26 19:01:31','2021-01-10 19:01:31'),
('3463602033c52a6ba4ac09c3a1f3d4893c4c41372cdfb3694fce2199fbccd34e9038fb53c83a2642',26,1,NULL,'[\"*\"]',0,'2020-12-31 12:03:09','2020-12-31 12:03:09','2021-01-15 12:03:09'),
('352241bb02be41776a8eb6ed9d3d32e2cc59c73af7e11b30eba091446f07d84c5bc80a6bebfc373e',27,1,NULL,'[\"*\"]',0,'2021-01-01 12:55:44','2021-01-01 12:55:44','2021-01-16 12:55:44'),
('371229c51c1d3709b91a2ff2272d29818c4aa5b6cdfc5f22b61b10d2a56618f57042b7d342301e7e',26,1,NULL,'[\"*\"]',0,'2020-12-31 12:02:57','2020-12-31 12:02:57','2021-01-15 12:02:57'),
('3c0edd1ecccd7c69300e5e82961ddd78d6c0cfb053994da4f909c9aafe11c4c2262b3dd2f1630d2e',15,1,NULL,'[\"*\"]',0,'2020-12-26 16:32:49','2020-12-26 16:32:49','2021-01-10 16:32:49'),
('3caf3f6e6ed1ce9965297cc56c3d1d7c23bd46ca12c53a625fd4519869469579900f88b79750455f',15,1,NULL,'[\"*\"]',0,'2020-12-27 04:47:33','2020-12-27 04:47:33','2021-01-11 04:47:32'),
('426eb76086a7dd355e31fe2ae49096ea820926ec456603dd119b704e934a2af662a1fa59dba72885',15,1,NULL,'[\"*\"]',0,'2020-12-26 18:57:41','2020-12-26 18:57:41','2021-01-10 18:57:41'),
('4752824c0e0138521a4dcb077de45be17a7c82cfc0347c2e4ed373d3f3b592a39a0f3c9d70c44320',26,1,NULL,'[\"*\"]',0,'2020-12-29 18:04:35','2020-12-29 18:04:35','2021-01-13 18:04:34'),
('481312b79e94b69f0860a5b7e623b9b4f4cbda4b306ec3b5c1e1ad45f887f483e238c31342102c4b',25,1,NULL,'[\"*\"]',0,'2020-12-27 09:05:33','2020-12-27 09:05:33','2021-01-11 09:05:33'),
('4837b5c7543826eaf501ab039d2a41270b0a4011cd37a3c1d22e6699d9b84ef4540839470fb2695f',26,1,NULL,'[\"*\"]',0,'2020-12-31 13:59:34','2020-12-31 13:59:34','2021-01-15 13:59:33'),
('48c504756d1e456518046507098858cde01013f9048c8b7fc6e63949b11f4daf738cdb5d2dd838ff',15,1,NULL,'[\"*\"]',0,'2020-12-26 19:21:24','2020-12-26 19:21:24','2021-01-10 19:21:24'),
('49094bc7f6ba40ef64cd1e178e301dce9e54fc417ca4934717d17e9560ed59eb6b3e74227d87d7cd',11,1,NULL,'[\"*\"]',0,'2020-12-23 14:44:04','2020-12-23 14:44:04','2021-01-07 14:44:04'),
('4a5400ea91d124000d06b2779a76499a140013dd24fc1c14950041a5ea17122e967043527e093d5d',29,1,NULL,'[\"*\"]',0,'2021-01-03 08:37:17','2021-01-03 08:37:17','2021-01-18 08:37:17'),
('4bb24f1b93c6a75dd7ef8567693f33566d3e1d6446c54448979416ed9576c75b235ce15d7c96a7ff',14,1,NULL,'[\"*\"]',0,'2020-12-25 14:17:58','2020-12-25 14:17:58','2021-01-09 14:17:58'),
('4d9749a0fdda940263725adc303c1e8618ddcfb9c4571e54894b7a4b3dfcddd23304816b9df99d2d',9,1,NULL,'[\"*\"]',0,'2020-12-20 18:53:14','2020-12-20 18:53:14','2021-01-04 18:53:08'),
('4e3e5f8f090b1fefbc77d62c1026a3a5bc2351c3a260e80572c143690be43d37efd74f4c58b14437',26,1,NULL,'[\"*\"]',0,'2021-01-01 04:04:58','2021-01-01 04:04:58','2021-01-16 04:04:58'),
('4ef5ec140f35087111be13dd82b8cc5d5eecce2328289656c90305474914f3130c59adcb467ab98c',2,1,NULL,'[\"*\"]',1,'2020-11-23 12:19:34','2020-11-23 12:19:34','2020-12-08 12:19:34'),
('507d8328240c2c1e5f073df5de92f3ea6bc0bc6a62ba269ade0c18c6ef0f14d85da6b67d072c0ad9',7,1,NULL,'[\"*\"]',0,'2020-12-16 03:40:20','2020-12-16 03:40:20','2020-12-31 03:40:20'),
('518bb1bdd2ac879222743328255c40974162bed61817f301c8478dd6648ea108d7f8be767e18cb20',15,1,NULL,'[\"*\"]',0,'2020-12-26 19:17:56','2020-12-26 19:17:56','2021-01-10 19:17:56'),
('5232212c18dbb0e38a4dd9feee3fa16e65ddceb987305c41fdf1168b83c10190ac15511dec12d098',15,1,NULL,'[\"*\"]',0,'2020-12-27 07:04:18','2020-12-27 07:04:18','2021-01-11 07:04:17'),
('52c7716634610a5fcf33e13dc3d588c9563ed8dbe5e08dce722128352d2c265304daa6c3c038d316',9,1,NULL,'[\"*\"]',0,'2020-12-18 15:18:58','2020-12-18 15:18:58','2021-01-02 15:18:58'),
('52df8d9e6209f81c4ef376920de864da79dd2f0db48255c451a915fbce9c5de4b4738b55298b2d76',27,1,NULL,'[\"*\"]',0,'2021-01-05 12:18:54','2021-01-05 12:18:54','2021-01-20 12:18:54'),
('538fdee37d6d9609a8418dd319ccb38457a9262337b0e2592baf749031db5acf1956066075c66e08',11,1,NULL,'[\"*\"]',0,'2020-12-19 13:04:51','2020-12-19 13:04:51','2021-01-03 13:04:51'),
('577a6f14c1771c06b31c3e8b67f401839a774f837a5327fcc57d09b9632bf603d570a4bc194f6eac',26,1,NULL,'[\"*\"]',0,'2021-01-08 09:06:38','2021-01-08 09:06:38','2021-01-23 09:06:37'),
('57b8ee8c802d7fcd300b12675556b730bf9a18809ef18f6b6675d6c863cc5efa4e392ee0729d869b',27,1,NULL,'[\"*\"]',0,'2020-12-30 18:57:40','2020-12-30 18:57:40','2021-01-14 18:57:39'),
('58d84df2fe6d75dddb55dc3df17585595a87541adc7beab8bfb20a1a8d5491cbdd56206fd4310d90',6,1,NULL,'[\"*\"]',0,'2020-12-11 13:00:32','2020-12-11 13:00:32','2020-12-26 13:00:32'),
('592460670b6d030768ff7d0e3b6cbdc1557af3296eba1f92e78784c8d11e120498ce8f0c017d799a',32,1,NULL,'[\"*\"]',0,'2021-01-07 12:20:15','2021-01-07 12:20:15','2021-01-22 12:20:15'),
('5ac6e06f641083a45a670b03309130459bd656b00a514c94b0f5d84a39e6c4fdf9cf1fffb2a9e88e',15,1,NULL,'[\"*\"]',0,'2020-12-25 15:41:12','2020-12-25 15:41:12','2021-01-09 15:41:12'),
('5c47e57fae921127f9ff560c83957615ab4055e1d15bfef7776dbefcf1e4fa6237e786acabcd8acb',26,1,NULL,'[\"*\"]',0,'2021-01-04 12:41:06','2021-01-04 12:41:06','2021-01-19 12:41:06'),
('5e8b95319c9cbdc08512bcfff85612ce8d92e23583d0587ab61ad9579b1d80b7dff8455ffd24b354',15,1,NULL,'[\"*\"]',0,'2020-12-25 14:19:56','2020-12-25 14:19:56','2021-01-09 14:19:56'),
('5f19af80b25d427e9d35418d666635d80042569808560a68e88c04ae92754bc15ec57a1d322d2947',5,1,NULL,'[\"*\"]',0,'2020-11-24 15:48:33','2020-11-24 15:48:33','2020-12-09 15:48:33'),
('62f57c8c3d0eef19834416f15b9175043bd40a4604ddcc6a18a906ceb0152e05a8561b89ac30a88e',15,1,NULL,'[\"*\"]',0,'2020-12-26 15:29:28','2020-12-26 15:29:28','2021-01-10 15:29:28'),
('63404c7b21acd4ec72792babddceb03a44a79c7f2972eea91eb5490d2398706e590c967226e7d0d3',33,1,NULL,'[\"*\"]',0,'2021-01-08 06:27:43','2021-01-08 06:27:43','2021-01-23 06:27:41'),
('63581b9288275e5f0640085275a235b2133a577c2ed105d934af69e70f0fe9a2d20fcc4e617660c2',26,1,NULL,'[\"*\"]',0,'2021-01-01 12:51:28','2021-01-01 12:51:28','2021-01-16 12:51:28'),
('6765f4d5ab6fb114d457c81260398d303172f24c9616273c58b3d1471cdb3713b22f73ca1500454c',15,1,NULL,'[\"*\"]',0,'2020-12-27 04:50:30','2020-12-27 04:50:30','2021-01-11 04:50:30'),
('69b6ebd7acb48468b8d9b2b238ac2ba3d32b176d19808bbcc46d3e8dda51280ed0ddf6cd91f80743',15,1,NULL,'[\"*\"]',0,'2020-12-26 16:23:29','2020-12-26 16:23:29','2021-01-10 16:23:29'),
('6ad79f71113b97af3ece8056c0fe6ea475e049a5f8220b8e719687993b36ce724dae27246d89b7cf',15,1,NULL,'[\"*\"]',0,'2020-12-26 16:37:24','2020-12-26 16:37:24','2021-01-10 16:37:24'),
('6ad94ae7968ed0d309f14bbcde5b32c7247f17e83e111a4bb2da78382a32663b2ccb357e1a1a0655',26,1,NULL,'[\"*\"]',0,'2021-01-06 07:10:34','2021-01-06 07:10:34','2021-01-21 07:10:34'),
('6b81d1a145433337ead7433a1633b65b7b1191abfb985b0576ad2b050e18b2e760accbf4433c418b',29,1,NULL,'[\"*\"]',0,'2021-01-03 08:37:51','2021-01-03 08:37:51','2021-01-18 08:37:51'),
('6ba0b794d118cdf8eb1a7b29366169de24b2c394abcde1b4daa720405caa20050d718592421b9b4b',34,1,NULL,'[\"*\"]',0,'2021-01-08 07:01:10','2021-01-08 07:01:10','2021-01-23 07:01:10'),
('6cd4d95e6e44923e57279ab694d644d0ce04c8de5cf4cb6ebe31f1e2a8dd318cce4b3c095db6ccf3',12,1,NULL,'[\"*\"]',0,'2020-12-25 13:26:28','2020-12-25 13:26:28','2021-01-09 13:26:27'),
('6cd9ddb421ca8757ac804a0fca1a8dfa2cca69163eaa9fbf0ba5342dfa07feb4f9f641e5ba89b824',11,1,NULL,'[\"*\"]',0,'2020-12-25 12:17:43','2020-12-25 12:17:43','2021-01-09 12:17:43'),
('6d068b8aa55cf09b4d20ba0c63c94ef0dab93e6ddb3a0ee1de8b592d684f1db186b2b77004f84ca5',26,1,NULL,'[\"*\"]',0,'2020-12-29 17:19:54','2020-12-29 17:19:54','2021-01-13 17:19:53'),
('6df9658c0ad4a6080c905a041ac7354b6832a4afbe444186022d82d9d202f38047a5411154a700f7',15,1,NULL,'[\"*\"]',0,'2020-12-25 14:46:27','2020-12-25 14:46:27','2021-01-09 14:46:27'),
('6e28037ecad2b8e9713d1763e2b075793d46f02b57b5828a20f42fde7f86b129b4c3319060492dbd',29,1,NULL,'[\"*\"]',0,'2021-01-03 08:35:46','2021-01-03 08:35:46','2021-01-18 08:35:45'),
('75db615126709db9f8b202a8e730542ababe6e2366646ac9e347303cb8c83563263278318aabcbcc',15,1,NULL,'[\"*\"]',0,'2020-12-26 15:35:59','2020-12-26 15:35:59','2021-01-10 15:35:59'),
('75e83ac101f293cdf353a3fa5f67928dfb31e5a2293f5b0beb045b4d5410a1d487872f09bda6af6d',15,1,NULL,'[\"*\"]',0,'2020-12-26 15:37:54','2020-12-26 15:37:54','2021-01-10 15:37:54'),
('761c19be7a0f9b680a56a3605854f4d74ed20f65acdb6c3a6557a4b71fca2f776a753a27288d7d69',11,1,NULL,'[\"*\"]',0,'2020-12-24 13:05:50','2020-12-24 13:05:50','2021-01-08 13:05:50'),
('79e107350f130c0aa5300c71f0d8507c7709763afb755dea707cce7cb42aae43b389bffeb2a58d89',15,1,NULL,'[\"*\"]',0,'2020-12-26 07:20:22','2020-12-26 07:20:22','2021-01-10 07:20:20'),
('7b0d99c04ec83d34d9abade1fbb0ec5092ab80c82c2edab26dee978b9d44bc45db83cb24af5b61b2',15,1,NULL,'[]',0,'2020-12-25 15:21:40','2020-12-25 15:21:40','2021-01-09 15:21:40'),
('7c7043217ff2706f15d7e1ec276ff0ec5c9c423468e8a6be208f1a64481c46a23d31d8da238309ac',27,1,NULL,'[\"*\"]',0,'2020-12-31 12:49:06','2020-12-31 12:49:06','2021-01-15 12:49:06'),
('7d4932f61c31cfe4a980d1170153909f0ef9a6af451945d3fd4966d757f370435848f25c34503428',32,1,NULL,'[\"*\"]',0,'2021-01-07 11:57:52','2021-01-07 11:57:52','2021-01-22 11:57:52'),
('7d79e2c01c6cb719a63e38b63d473da095097a9be912db87d4ba26ab7cae067626bb679f553f3b31',9,1,NULL,'[\"*\"]',0,'2020-12-17 14:42:42','2020-12-17 14:42:42','2021-01-01 14:42:41'),
('7db5f931aa1e9b6b201e7be360ff9792b1a8407c8410c32ed7b6e0d6e52e1d40e0aab5c611676b71',27,1,NULL,'[\"*\"]',0,'2021-01-04 12:41:27','2021-01-04 12:41:27','2021-01-19 12:41:27'),
('7fb9fc8421119310b7a3cffa8dde216ea57ea948032a90ada7bc52f1b2e84c27db3b2013f21c4c0c',15,1,NULL,'[\"*\"]',0,'2020-12-27 04:47:06','2020-12-27 04:47:06','2021-01-11 04:47:06'),
('80ae4f63bb3ebd757fceefcec6301e6c867f9b887ad087cbdc9cb007833955713111aa1fba78998b',6,1,NULL,'[\"*\"]',0,'2020-12-11 13:00:31','2020-12-11 13:00:31','2020-12-26 13:00:29'),
('815b0e38cd7cfa28f8df95e9bff86527d326c4680220e9c4514c8f5e6f390a5849388b7fb8ebbabe',2,1,NULL,'[\"*\"]',0,'2020-11-23 17:14:50','2020-11-23 17:14:50','2020-12-08 17:14:49'),
('820bd336b2f8c488a397d34c9f60a104341e98d9aef79fb9ee3cf7c8d68b3a93555564a225bbf450',15,1,NULL,'[\"*\"]',0,'2020-12-26 18:43:42','2020-12-26 18:43:42','2021-01-10 18:43:42'),
('8412ba4f533399c9735f4af5038f31199716f6c19a8f4867567cb4398a0f210fa38319291b25c902',11,1,NULL,'[\"*\"]',0,'2020-12-23 18:13:49','2020-12-23 18:13:49','2021-01-07 18:13:48'),
('8462607fc4a87a6bb65868d054f98e15a2d9aae4c2a0f5ac422e647e4326dd15a3624ff9817ac0bd',15,1,NULL,'[\"*\"]',0,'2020-12-26 16:29:08','2020-12-26 16:29:08','2021-01-10 16:29:08'),
('84ed9c73abde0c152f725ca7e71777f58a770a787ea2b9741bc7e3b87225b3c0951f4ba12af1c0a4',11,1,NULL,'[\"*\"]',0,'2020-12-24 09:58:58','2020-12-24 09:58:58','2021-01-08 09:58:53'),
('85eb9252f5def428b15a8e1fb2a821616057b041e742741290e43a4c9470666d83dfc10a1d6e809b',11,1,NULL,'[\"*\"]',0,'2020-12-23 17:43:55','2020-12-23 17:43:55','2021-01-07 17:43:49'),
('86ca0f5826eb08500d0fa4597b3b82157eeaf0bf6c9e35c002003703d189c950f3ba89b2d502aa77',26,1,NULL,'[\"*\"]',0,'2021-01-01 18:45:26','2021-01-01 18:45:26','2021-01-16 18:45:26'),
('8aa39f563915a64a412b80c10323c02e3a29330f332324b186af2b046ea91ba236c63e54208bb005',3,1,NULL,'[\"*\"]',0,'2020-11-24 15:47:46','2020-11-24 15:47:46','2020-12-09 15:47:44'),
('8b4da5126ad45c80a2dbf88de38558ce446eaa1afca3dd13ea6a29b86535aff04981cb089a1f9cc3',24,1,NULL,'[\"*\"]',0,'2020-12-26 09:20:32','2020-12-26 09:20:32','2021-01-10 09:20:31'),
('8c2a367b6dc998ba013dbd3e5449d9c06b66159d924d7a84e9f0f2621cbaee1dfb26f3bea4225103',6,1,NULL,'[\"*\"]',0,'2020-12-11 07:18:21','2020-12-11 07:18:21','2020-12-26 07:18:18'),
('8c3c49d1f33a9d034755a324678414c7bd6aaf6b1b9e6be4255491035929bc8f98915353c305d730',27,1,NULL,'[\"*\"]',0,'2021-01-07 00:32:41','2021-01-07 00:32:41','2021-01-22 00:32:41'),
('8d448dcbd1312c45a356d16eafa3d4cc1c9e38c8c99b455f57d5d8cc2d924a7e5915bd6e3451ea66',5,1,NULL,'[\"*\"]',0,'2020-11-24 17:36:38','2020-11-24 17:36:38','2020-12-09 17:36:38'),
('8d79b1bad4fda701b9c442d76c1543c24850226adce3f36a001f9031533c90e3e9b574220108e511',11,1,NULL,'[\"*\"]',0,'2020-12-25 08:35:00','2020-12-25 08:35:00','2021-01-09 08:35:00'),
('8e9fe0914ebffe6f8fbde5146e064889fa2aae1bb8e743f6016aef205d06834d400840886f745716',11,1,NULL,'[\"*\"]',0,'2020-12-23 14:42:21','2020-12-23 14:42:21','2021-01-07 14:42:13'),
('8f93df195c6d4a3ffe2ba6c9dd8896af14ec35a73aa8e4bc59aeb9eb954b8958cb9be0db69716e7a',16,1,NULL,'[\"*\"]',0,'2020-12-25 14:27:16','2020-12-25 14:27:16','2021-01-09 14:27:16'),
('8fafa66a2cf36a149ba0f6260ffc03e496fb8553a58c29be2b22597697263f51dbf29bd722b87491',27,1,NULL,'[\"*\"]',0,'2021-01-07 00:43:16','2021-01-07 00:43:16','2021-01-22 00:43:16'),
('90b6fd02795042642e8902146d53e418fca6411383b923bf1f03ac483d207e19dca9c16136641fba',27,1,NULL,'[\"*\"]',0,'2021-01-04 12:41:48','2021-01-04 12:41:48','2021-01-19 12:41:48'),
('9160d3181facf5d4f56d058c1057a57183b859847326457cb549f633dc82afa3fba435db37547bdb',26,1,NULL,'[\"*\"]',0,'2021-01-07 00:30:38','2021-01-07 00:30:38','2021-01-22 00:30:38'),
('9458fe5e0611771d75d4f5c98095d3c2b910d6a866746b00637f6e5d2eaf6e777fcd3e2b59383030',27,1,NULL,'[\"*\"]',0,'2020-12-31 15:32:46','2020-12-31 15:32:46','2021-01-15 15:32:46'),
('95130bcceb4840df63b7cd1ba252dec0b1a7ebec82effea3ae05ae5f58a0cf6e24e9e84b2376c45c',26,1,NULL,'[\"*\"]',0,'2021-01-06 18:09:14','2021-01-06 18:09:14','2021-01-21 18:09:13'),
('95c976f5cfd1108b060a1376294a8bdd28e7eb77a9386e03d6a6af6e0b67bba2ac794b431114db61',19,1,NULL,'[\"*\"]',0,'2020-12-26 06:11:29','2020-12-26 06:11:29','2021-01-10 06:11:29'),
('96a42313dc35964bcad6acb367343774217ad9b6de9dbe38061a3dc3af10850cc7240987fdfbcaca',15,1,NULL,'[\"*\"]',0,'2020-12-26 16:38:14','2020-12-26 16:38:14','2021-01-10 16:38:13'),
('9796c0beac3db28d12ad7d17e8e88288317e3eb285b3ea6aab560e281dc6f3a13f2c5a7a01b402cf',34,1,NULL,'[\"*\"]',0,'2021-01-08 07:01:28','2021-01-08 07:01:28','2021-01-23 07:01:28'),
('97f36f925b39f22c8d7ff247ea578850a7b7445db73321ddb94d7ef8ed1d29277b4bf0049af9e05d',8,1,NULL,'[\"*\"]',0,'2020-12-16 16:19:26','2020-12-16 16:19:26','2020-12-31 16:19:26'),
('981770736cf61cd66d8cbfc0bedc4652f8305f16b20c6a753f02f0534d4dc68cae49cb31e640f28f',15,1,NULL,'[\"*\"]',0,'2020-12-26 16:24:23','2020-12-26 16:24:23','2021-01-10 16:24:23'),
('996eef0d8cd9baba84a81c6b63755056087ff4982db2139389fe2e9984b8e288bdf85d47cee7cb98',15,1,NULL,'[\"*\"]',0,'2020-12-26 19:14:30','2020-12-26 19:14:30','2021-01-10 19:14:29'),
('9976d0d31d019bbbb5014e12e57c8239b81f73a44cc848a63c7201a316a4293b1e840df385654a8a',30,1,NULL,'[\"*\"]',0,'2021-01-03 08:36:28','2021-01-03 08:36:28','2021-01-18 08:36:28'),
('9a03770571289680dab53467a8ab450eea9fe22d58155d3fae569627cd4c7c775b98b3e75ee97f5f',11,1,NULL,'[\"*\"]',0,'2020-12-19 11:16:57','2020-12-19 11:16:57','2021-01-03 11:16:56'),
('9a06272c8dfa243df31dc5110ba3305a79db998150865164efaf9dd273f7c07e3fa3efebb2e5254d',27,1,NULL,'[\"*\"]',0,'2021-01-07 00:32:37','2021-01-07 00:32:37','2021-01-22 00:32:37'),
('9a5359c307c197638fd26046bdf5c2f69e3dc1bc49f88b735827308c4bd862ca2d1071e555e15c21',11,1,NULL,'[\"*\"]',0,'2020-12-24 09:58:58','2020-12-24 09:58:58','2021-01-08 09:58:55'),
('9c713f7a7c0de794e474a2d4fce20440105e6488d320aad3badbf0463be60bec2cde0a0530c9f5c3',30,1,NULL,'[\"*\"]',0,'2021-01-03 08:36:19','2021-01-03 08:36:19','2021-01-18 08:36:18'),
('9f178b622b20d554c8aa2d8f2f88c2e0c32ac007db864dc02aa2721b947970873277c4b129a6d92e',11,1,NULL,'[\"*\"]',0,'2020-12-24 09:58:58','2020-12-24 09:58:58','2021-01-08 09:58:53'),
('a13e4ae2705fcaa7d5261f34b8c67f503a5bb4f2cd2d1088d53c278603fc2bd173f69397ad89780e',27,1,NULL,'[\"*\"]',0,'2021-01-07 00:32:51','2021-01-07 00:32:51','2021-01-22 00:32:51'),
('a17bfb4b140bf2a3921e37e925ebbd535f894c9a5b19a861a0cf5100185dd7aab5b432fa7576fa2c',27,1,NULL,'[\"*\"]',0,'2021-01-06 04:44:13','2021-01-06 04:44:13','2021-01-21 04:44:13'),
('a1c799313c70165b089e2a3750c39f6ae8a11384eb71c99b81031361d6c58db6f7727fa8ceb7c344',26,1,NULL,'[\"*\"]',0,'2021-01-05 12:17:48','2021-01-05 12:17:48','2021-01-20 12:17:47'),
('a38e57b2f7d9556b3a87b3c045713536013a55a21e4e7ecc9a3f47c40d89eae3402b25d0308fcc9b',32,1,NULL,'[\"*\"]',0,'2021-01-07 03:32:30','2021-01-07 03:32:30','2021-01-22 03:32:30'),
('a3f0166d69333e27daa7fd5aff3e47b7445045715128e1c98b9950e3c4f8a10fb3d6ef5ca862d895',27,1,NULL,'[\"*\"]',0,'2020-12-27 14:47:33','2020-12-27 14:47:33','2021-01-11 14:47:32'),
('a8c3777cb29bfde9a5b8e6c464c53135582022a0ebe3f19ccf38cf22878153c021aa89dd795f31ff',32,1,NULL,'[\"*\"]',0,'2021-01-07 03:32:20','2021-01-07 03:32:20','2021-01-22 03:32:20'),
('a910941def1a4d2620e7f74a969b2c2dc8745401896794da99159e4ffc911b201c28272ac6a242d3',27,1,NULL,'[\"*\"]',0,'2021-01-07 00:32:28','2021-01-07 00:32:28','2021-01-22 00:32:28'),
('a91bbf75ea717a40d70d4e36f5ba4af4f762a2b21c935087402497fefec824be86ba3f2293bc4a56',9,1,NULL,'[\"*\"]',0,'2020-12-16 16:19:49','2020-12-16 16:19:49','2020-12-31 16:19:49'),
('aab230815dbb728546596bc8b8c20b51bd0828fde6067135076b84f7cb650d04b7f03f653926fc63',10,1,NULL,'[\"*\"]',0,'2020-12-25 12:37:24','2020-12-25 12:37:24','2021-01-09 12:37:21'),
('abbf1a031985b11f574ef195322c5c6985d2d9433f901e672b4b474bba09bbc4e5d90e9e7803704a',15,1,NULL,'[\"*\"]',0,'2020-12-27 06:56:38','2020-12-27 06:56:38','2021-01-11 06:56:33'),
('ae8700279730d05c7b7652b7e1e8ce5127cfe9996ca6147dd1cb5c7ecfeec09ebac85bb2b27e0fdb',26,1,NULL,'[\"*\"]',0,'2021-01-01 13:05:17','2021-01-01 13:05:17','2021-01-16 13:05:17'),
('af19a5e8e2521928c2b22c8e415d4cadf329979b31860b88c8e28d876672cfed12543b5b7c8dfd6a',11,1,NULL,'[\"*\"]',0,'2020-12-23 17:43:55','2020-12-23 17:43:55','2021-01-07 17:43:49'),
('aff3d146ef9906034b1f5ef2d78180782ad2a6781858c73576f37b9c77d6782a17418cab9de6bd1e',27,1,NULL,'[\"*\"]',0,'2021-01-06 08:53:04','2021-01-06 08:53:04','2021-01-21 08:53:03'),
('b05051ccd39ab72b75e86529ec9bf2c35a5bf93a4f1ca334b47a2b5ea058c7a4edc653ca705d43ae',15,1,NULL,'[\"*\"]',0,'2020-12-25 15:37:18','2020-12-25 15:37:18','2021-01-09 15:37:18'),
('b2615eecb812a3c4d2a4b585294dff5d917ae60714b7336bf091db701b65e02ab369ec17b42267f5',25,1,NULL,'[\"*\"]',0,'2020-12-27 08:47:17','2020-12-27 08:47:17','2021-01-11 08:47:16'),
('b2da0f457e717f50a9fbff152fd62b3a879e3dd87e3048c99aa62645fbfaadb927a062d769b153e1',26,1,NULL,'[\"*\"]',0,'2021-01-01 04:04:50','2021-01-01 04:04:50','2021-01-16 04:04:48'),
('b3542b0ac0be5543d8e6d11f0d2ed99378352130df1aa6272874c21c4e28f4c4b9e21012f970d3ad',22,1,NULL,'[\"*\"]',0,'2020-12-26 08:59:48','2020-12-26 08:59:48','2021-01-10 08:59:47'),
('b48f49196a0d0971f3c5e78b79bb14217ffa93e1d7a9e5e3d607ccdc34d44f69f31e9595f1520a41',21,1,NULL,'[\"*\"]',0,'2020-12-26 06:27:43','2020-12-26 06:27:43','2021-01-10 06:27:43'),
('b50ec975324a69da7461ebad145761777be4406b209a2f771e26bd54045816322f92c863d13aaed9',15,1,NULL,'[\"*\"]',0,'2020-12-26 19:18:22','2020-12-26 19:18:22','2021-01-10 19:18:22'),
('b5143ae21995ab572e5280ea1157e1ae4bd95501a7654ec0a5cd96bf552f15a637e4f9283c41eb8e',15,1,NULL,'[\"*\"]',0,'2020-12-27 05:28:43','2020-12-27 05:28:43','2021-01-11 05:28:42'),
('b58a50d4176caf19465788a96c85ee4217be0c657095551cd77ec6f415410f3b7efcf63abe7050e2',28,1,NULL,'[\"*\"]',0,'2020-12-29 18:05:45','2020-12-29 18:05:45','2021-01-13 18:05:45'),
('b8c07eb82a2fdbb2e5395a517269807b5cab229b2fcde8f5617f69a687efe2d4e42d9c120410ec2d',10,1,NULL,'[\"*\"]',0,'2020-12-19 10:49:46','2020-12-19 10:49:46','2021-01-03 10:49:44'),
('b8e4dc9b565e56b12a40dfc6924d5a6f9ee92d1ddbd46b745cc379648334d0f81a6ec1d9acbe9106',18,1,NULL,'[\"*\"]',0,'2020-12-26 06:10:40','2020-12-26 06:10:40','2021-01-10 06:10:39'),
('bc33d80601dab27e2ca4aaae18520313b5e69222010507f5a45c099e98b0a9e6a8526ef074469804',15,1,NULL,'[\"*\"]',0,'2020-12-26 16:39:12','2020-12-26 16:39:12','2021-01-10 16:39:12'),
('bc7ccd85e0931098b67abeb7fc94dbb1ae718a7a449968f064260563a94111cc58d8abd90f1a541a',9,1,NULL,'[\"*\"]',0,'2020-12-16 16:20:29','2020-12-16 16:20:29','2020-12-31 16:20:29'),
('bc9bb211180a73cb81650e13a998e5105e51dbaf9a45409967b5a18358506a62a5bac70cd7792a54',27,1,NULL,'[\"*\"]',0,'2020-12-31 15:07:44','2020-12-31 15:07:44','2021-01-15 15:07:44'),
('bcb98607cac4aadccfff36001d0920019381f39804bad0746916b0e7a13fcaf0e9dae9fd67c86763',27,1,NULL,'[\"*\"]',0,'2021-01-06 07:08:24','2021-01-06 07:08:24','2021-01-21 07:08:24'),
('bed4a5cb29d653ad2382808d788b0469a9c7a4e4902b373c86f72cfccd412dc5ccc2f9a20f788510',15,1,NULL,'[\"*\"]',0,'2020-12-26 15:29:28','2020-12-26 15:29:28','2021-01-10 15:29:23'),
('c0148870664bf3b21eb2c76bf826ff4a487b6135f76ee771213220c5b8585da4ad2c5923236f9281',15,1,NULL,'[\"*\"]',0,'2020-12-27 07:16:18','2020-12-27 07:16:18','2021-01-11 07:16:17'),
('c06193df611c1957060300236b70de50a02ec2eaa6fdc968772b13393f45ea2e7d2512c8d1da1f78',33,1,NULL,'[\"*\"]',0,'2021-01-08 06:28:54','2021-01-08 06:28:54','2021-01-23 06:28:54'),
('c0bf161c42554a8f95c00e410e4167135ad9c37de192e5edce5308d1fdee1b7afba42452da8708eb',15,1,NULL,'[\"*\"]',0,'2020-12-26 16:18:55','2020-12-26 16:18:55','2021-01-10 16:18:55'),
('c0e5beca98c7dfceac48e296def0b33451c34e7cf08ab8d3a2fb56ea58a70a16c002eafe29ad9616',28,1,NULL,'[\"*\"]',0,'2020-12-29 17:58:07','2020-12-29 17:58:07','2021-01-13 17:58:07'),
('c496d8eae670f4c25562f3119d7d7d31f138961604ce632913f2add4909d0d6bb509fa40682b1367',25,1,NULL,'[\"*\"]',0,'2020-12-27 14:44:53','2020-12-27 14:44:53','2021-01-11 14:44:53'),
('c5c68e0494920a1d5419b590bac2c3b92d463943bab04aa5dc40afedcc04b1571bec243384e99154',11,1,NULL,'[\"*\"]',0,'2020-12-25 11:45:15','2020-12-25 11:45:15','2021-01-09 11:45:15'),
('c732061f43bc167c9f2327b79aaf7a412482ff331a47a76be183a4be40ac077dcb6a896d169489e1',26,1,NULL,'[\"*\"]',0,'2021-01-06 05:26:10','2021-01-06 05:26:10','2021-01-21 05:26:09'),
('c8c29d650e0cbafec79a0d7abde9172d5e411b25bdcf8a8eafe79a6c92e2f06223b9d5c355f4fd3c',15,1,NULL,'[\"*\"]',0,'2020-12-26 19:16:35','2020-12-26 19:16:35','2021-01-10 19:16:35'),
('c8cfbd6f6a57c1215c67a1bc6c8543fd1e3ebb762d259cc6034a70614af5344a0644422c976b2a7e',27,1,NULL,'[\"*\"]',0,'2021-01-01 18:46:07','2021-01-01 18:46:07','2021-01-16 18:46:07'),
('ca07e4e76d283ae28c64c6a38e9e14dea6c40c0503eb9f8e827799f49d4ce5ca02321010211c5129',26,1,NULL,'[\"*\"]',0,'2021-01-05 12:17:48','2021-01-05 12:17:48','2021-01-20 12:17:47'),
('ca12e354ffcbe765199977065d647e03d3cc31a648f532b29064ef24a8b963fb7a0120215460a221',11,1,NULL,'[\"*\"]',0,'2020-12-25 09:58:04','2020-12-25 09:58:04','2021-01-09 09:58:04'),
('cab3fe2ea977678e904c4e01b143e0ff3492ef4d181a6b5c4d112ea2d5068823a2fff4c6f14a168f',6,1,NULL,'[\"*\"]',0,'2020-12-11 07:18:47','2020-12-11 07:18:47','2020-12-26 07:18:47'),
('cb60ebf993de08b7f27926f899234a79cd9873ed9f561d01b86936ca9a142c808afa82cfb06c62e2',8,1,NULL,'[\"*\"]',0,'2020-12-17 09:23:01','2020-12-17 09:23:01','2021-01-01 09:22:56'),
('cb927b88c2710ae40c4c40c98ba2de0ff00442485f6ddcee8128cc23dc1070bc11a389b9f53ad67b',27,1,NULL,'[\"*\"]',0,'2020-12-31 12:43:18','2020-12-31 12:43:18','2021-01-15 12:43:18'),
('cb966a92f2961d2fc5547f945f24832201b6f0f28cce1862619c634b623fad630ad84355c5d191a3',15,1,NULL,'[\"*\"]',0,'2020-12-26 16:34:32','2020-12-26 16:34:32','2021-01-10 16:34:32'),
('cd488d256830cadea612675074823c5514201e8cc6db3878faca2dae47ed42b6350d735ff48c5302',15,1,NULL,'[\"*\"]',0,'2020-12-27 04:48:37','2020-12-27 04:48:37','2021-01-11 04:48:37'),
('ce24350a656cd490742bf4ed2f21d4728f6554e91e6b577a9b2ef1b6b5d76c0c5e9c6eb5d94d6065',26,1,NULL,'[\"*\"]',0,'2020-12-27 09:25:15','2020-12-27 09:25:15','2021-01-11 09:25:14'),
('ce4ca789f2ee07b775138134e6b5663c7dc4661d2209dff8735533c9978baa74eefd4079b247d94b',11,1,NULL,'[\"*\"]',0,'2020-12-23 17:43:55','2020-12-23 17:43:55','2021-01-07 17:43:49'),
('d02810ca13e84c75348746c80c1a4e0c7da4bea3d51896efe836bb817bf72b3b0f85ca25e18f45a3',15,1,NULL,'[\"*\"]',0,'2020-12-27 06:56:40','2020-12-27 06:56:40','2021-01-11 06:56:40'),
('d097814246e21197cca00bc2ac78f3183509e1134ecbcf9fb54fc4aaf0f4b257aaa06769c958f162',15,1,NULL,'[\"*\"]',0,'2020-12-26 16:28:23','2020-12-26 16:28:23','2021-01-10 16:28:23'),
('d0a20c91e5c5331a16aa20fe30f6b2f1a8c3efeee35f6ceab3967cee75dcd54c3b7c7d19ba3aceb7',15,1,NULL,'[\"*\"]',0,'2020-12-26 16:29:11','2020-12-26 16:29:11','2021-01-10 16:29:11'),
('d22989bbe6c0d91e1bb4ecf8fe18e8cede418dd0bd5264d502c75ebe830b91b687f6a8f604c9c480',15,1,NULL,'[\"*\"]',0,'2020-12-26 10:33:58','2020-12-26 10:33:58','2021-01-10 10:33:58'),
('d314cf9e14ac9c7f2bb82538f5ce1628d1e2c02b788923aad0c98381180e3b99f61a53b3fe4c3f06',26,1,NULL,'[\"*\"]',0,'2020-12-31 12:47:46','2020-12-31 12:47:46','2021-01-15 12:47:46'),
('d4f6e3dcba8d3083c86249c8e66dce8566954efe0b91e6e28c48661e1e2401ce7b41960fe24c8b22',27,1,NULL,'[\"*\"]',0,'2021-01-01 13:06:21','2021-01-01 13:06:21','2021-01-16 13:06:21'),
('d5dc650d4d41be7b9ed1374960674788d5a2bf0f36875973551bc1ff8b6df783c968359055b9b6f5',31,1,NULL,'[\"*\"]',0,'2021-01-04 12:42:16','2021-01-04 12:42:16','2021-01-19 12:42:16'),
('d82fb69136d170f060b3d2c444198bb1b18266a98562e6e8072718d000349bf636b5b01774a47dbb',9,1,NULL,'[\"*\"]',0,'2020-12-20 18:53:16','2020-12-20 18:53:16','2021-01-04 18:53:16'),
('d8a298cd6090ceb272984d288010668a882bd16664eb4b6fd2dfadcf28655a208d4a1c38c8607c02',15,1,NULL,'[\"*\"]',0,'2020-12-26 03:37:47','2020-12-26 03:37:47','2021-01-10 03:37:47'),
('d8a4262854326a08be523b290c9e640b31d39d3de3cbdab06e82f1cd3d56d7b6d9db5f658ecb0555',13,1,NULL,'[\"*\"]',0,'2020-12-25 14:06:23','2020-12-25 14:06:23','2021-01-09 14:06:23'),
('d8c96c6ef62c2acbf82750f2d07ea98cdd9c77147fb917e1a6a5af4b31f1929e51206d18bd860bd4',20,1,NULL,'[\"*\"]',0,'2020-12-26 06:24:27','2020-12-26 06:24:27','2021-01-10 06:24:26'),
('da5dc5d71bedf6ca88ac434ce13901b71e0fa727a6a14a100cb2dc0ad88ea135590ff2bab5dbc375',15,1,NULL,'[\"*\"]',0,'2020-12-25 16:37:14','2020-12-25 16:37:14','2021-01-09 16:37:13'),
('dc2833ac2da31bc20f1b6ecdabb44773a7a6e39932d40b39f75cd5937cdad4a5f1ad419ae3ec3985',15,1,NULL,'[\"*\"]',0,'2020-12-26 10:15:18','2020-12-26 10:15:18','2021-01-10 10:15:17'),
('dcc117a17bd7bc83796afe56609514f2a6e37eaa5b2d40e462843c1120d7fb599187c5f3048c8c0e',15,1,NULL,'[\"*\"]',0,'2020-12-26 16:41:13','2020-12-26 16:41:13','2021-01-10 16:41:13'),
('dd4a0e34745f3be887778824f8938819e699a64af6b259824b82cc0cf04258e2ea1d10fc55f1de0f',13,1,NULL,'[\"*\"]',0,'2020-12-25 13:31:16','2020-12-25 13:31:16','2021-01-09 13:31:15'),
('ddbdc8027c4a8561eb0f9ce22f567ae26fc377467014804d7fc872eb63fefaaa81556bb08160d998',26,1,NULL,'[\"*\"]',0,'2021-01-06 07:10:27','2021-01-06 07:10:27','2021-01-21 07:10:27'),
('df65f77140778e3c669b37f1c3c3380c33e7be9fe78e8f80961537f5c98b50912809b03330aee874',27,1,NULL,'[\"*\"]',0,'2021-01-07 05:45:16','2021-01-07 05:45:16','2021-01-22 05:45:16'),
('e3030d8b9de84def74fd991c96d69501aaa2886d28b6398b7c955622ffdc1adb7a18776b7b66cd63',15,1,NULL,'[\"*\"]',0,'2020-12-27 06:56:38','2020-12-27 06:56:38','2021-01-11 06:56:33'),
('e305c8c1ac71863c3b38812ac3d7293128afa61837fba1520fda75b127b31975f6008af34aca7f32',11,1,NULL,'[\"*\"]',0,'2020-12-25 12:34:09','2020-12-25 12:34:09','2021-01-09 12:34:09'),
('e40a697498d7c5ffee81412962504c07d8aa1582a91ca0441783bbd6c7a525986eab882dbed1b48f',26,1,NULL,'[\"*\"]',0,'2021-01-04 12:41:06','2021-01-04 12:41:06','2021-01-19 12:41:05'),
('e5758f274aee6b8c3b2e8da425b0b6ed811efaefa13321882b21bfa32553ef62ee41c9a358869705',11,1,NULL,'[\"*\"]',0,'2020-12-24 05:34:28','2020-12-24 05:34:28','2021-01-08 05:34:28'),
('e57606e8194d5914844e83ef77fe742bf85bd9b1f828daaaa241bc50f0c1eb1f9f3cd94a33df60c7',6,1,NULL,'[\"*\"]',0,'2020-12-11 13:00:31','2020-12-11 13:00:31','2020-12-26 13:00:29'),
('e5bd8ee39406b42d64497eac276fa97ae419a222e298b91dbde97d2f91073c566d6f5432fe4072c4',27,1,NULL,'[\"*\"]',0,'2021-01-03 08:12:18','2021-01-03 08:12:18','2021-01-18 08:12:18'),
('e879be4cf910f955344dccaaef31f57834d8c13f02b9f87a286d9939e206b2ec2086515bb8551839',10,1,NULL,'[\"*\"]',0,'2020-12-25 13:07:23','2020-12-25 13:07:23','2021-01-09 13:07:23'),
('ea2300bd9768c6d80e5087321933711068c540565b1105e22763cdf63d56fa6446d50970c39d66c1',27,1,NULL,'[\"*\"]',0,'2020-12-31 14:50:52','2020-12-31 14:50:52','2021-01-15 14:50:52'),
('ea84d8c692cbee213e40f746d9131731c07656d9281b906343d0bafbf022d49a70cce9f7395e09b0',26,1,NULL,'[\"*\"]',0,'2021-01-05 12:28:25','2021-01-05 12:28:25','2021-01-20 12:28:25'),
('ec7846bb9fc6c4aec4ab1f746f02e460434d5769c37996199617561c38c871f48390037f1d49de32',20,1,NULL,'[\"*\"]',0,'2020-12-26 06:12:22','2020-12-26 06:12:22','2021-01-10 06:12:22'),
('ecaaafe8b422e20bcc58ca38677824d08291d08e656f14f753963b71e2c08dcd394e57b9d4de520f',15,1,NULL,'[\"*\"]',0,'2020-12-25 15:42:44','2020-12-25 15:42:44','2021-01-09 15:42:44'),
('ee822ed6e9ef5dd65283c35e27302252262bd70d097321c6f6b522e930fd3f914278725cd5e9f04f',31,1,NULL,'[\"*\"]',0,'2021-01-04 12:42:28','2021-01-04 12:42:28','2021-01-19 12:42:28'),
('eee53ec5e1f638617cdf1c568e10efa456e1066855293c57268f0ea56e6a25c28b828bae4fd3ecca',11,1,NULL,'[\"*\"]',0,'2020-12-23 17:43:55','2020-12-23 17:43:55','2021-01-07 17:43:54'),
('ef206bae86da195a0f9995ae1ad53b062b651fe2cf77cb39e6de29c6fa47e30a7ffa14b2eb67343d',27,1,NULL,'[\"*\"]',0,'2021-01-01 12:43:36','2021-01-01 12:43:36','2021-01-16 12:43:35'),
('efe34fce26e63d759323b288eadc053e26f6053e8c4d84cbdef33ca86fc4db134a7eb82210c11ac0',26,1,NULL,'[\"*\"]',0,'2021-01-01 12:51:17','2021-01-01 12:51:17','2021-01-16 12:51:17'),
('f21a9b367a58e0f4409ff281209306f39b5636a430c3fefe089f45a50ee13ad57a93b95522ebb5f7',23,1,NULL,'[\"*\"]',0,'2020-12-26 09:00:30','2020-12-26 09:00:30','2021-01-10 09:00:29'),
('f29d656b01418bd10f2ba769b4561ac26186a44d35c87ed90efa05565866b11f0b54d3419752c439',28,1,NULL,'[\"*\"]',0,'2020-12-29 18:02:04','2020-12-29 18:02:04','2021-01-13 18:02:04'),
('f2c5931f4c8d64bbdd3f631558851219692df67faf3d022bcd79b0cac6190936b96d09097b3285e0',28,1,NULL,'[\"*\"]',0,'2020-12-29 17:57:46','2020-12-29 17:57:46','2021-01-13 17:57:45'),
('f4add43672375f034095b657fae869de0343605d344a4f80bda35fe25865f9a8c266512c4f7c4a06',27,1,NULL,'[\"*\"]',0,'2021-01-06 18:11:12','2021-01-06 18:11:12','2021-01-21 18:11:12'),
('f54cb00aed0930e9046f3e03f8abccc9c8759f965dd2ed2647fe04eb07a5c7b9d95de01fe3afacef',26,1,NULL,'[\"*\"]',0,'2021-01-01 12:51:09','2021-01-01 12:51:09','2021-01-16 12:51:09'),
('f5b33b9f9a550fabdfa3d60add49ade2026548dce0ae2c9eb51c7f1f6b8ae0c8568014d8d0617c17',9,1,NULL,'[\"*\"]',0,'2020-12-18 15:18:55','2020-12-18 15:18:55','2021-01-02 15:18:51'),
('f6bcb21bb7cec31fc6b11289ed1b497fa741dbcc34f32bfcf74571aea7df7f22eebe793900e717b2',6,1,NULL,'[\"*\"]',0,'2020-12-11 13:00:31','2020-12-11 13:00:31','2020-12-26 13:00:29'),
('f739e942ca0e7163c699c693929036d7e05e758261d3477bfc358868c4edc9fc03cd117b21b32a4e',6,1,NULL,'[\"*\"]',0,'2020-12-11 13:00:31','2020-12-11 13:00:31','2020-12-26 13:00:29'),
('f9371549d5bbc569752eb5a9f92760f8d49462dbdb7b988e7647acbcd85f04022efc994290e2d886',10,1,NULL,'[\"*\"]',0,'2020-12-25 13:02:02','2020-12-25 13:02:02','2021-01-09 13:02:02'),
('fb9d63ca290bf2f93de609ab03bdaaf0334aaf153bd4c433ca0138a28803d6dd8f63277a978834e7',15,1,NULL,'[\"*\"]',0,'2020-12-27 07:10:17','2020-12-27 07:10:17','2021-01-11 07:10:17'),
('fc19b832b248005b10b95f8e8f345f1d5af2d75269a78492f31b89864d72189771094825c33c00af',27,1,NULL,'[\"*\"]',0,'2020-12-31 14:50:51','2020-12-31 14:50:51','2021-01-15 14:50:51'),
('fccac7427b5f5150cc7323c66d7866a0875d52e01c91f4cfccde1fb4243f774fc131f42edbb7dff2',17,1,NULL,'[\"*\"]',0,'2020-12-25 15:48:30','2020-12-25 15:48:30','2021-01-09 15:48:29'),
('fd568a65b7ea25044927b823f781375fbd6ecb55cbe0e2739e3f1ea08e8f656937cb3c8dc0dfc1e6',27,1,NULL,'[\"*\"]',0,'2021-01-07 11:55:12','2021-01-07 11:55:12','2021-01-22 11:55:12'),
('fdf9713be58d391ed8b9990ba9c84dc81fb558c82d1886f6670a35fd348162d56483260d7e39c82b',27,1,NULL,'[\"*\"]',0,'2021-01-01 13:04:23','2021-01-01 13:04:23','2021-01-16 13:04:22'),
('fea983a0cf8dad09b1cdd823fa0818627ff7384b4602e6970de4bd0da3ac7d80319c39a9751a1d0f',9,1,NULL,'[\"*\"]',0,'2020-12-21 06:39:56','2020-12-21 06:39:56','2021-01-05 06:39:52'),
('ff8a189d9a7aa796f3c2c1c56356f74758412ba6c164121342feb6724e108078eae5d49832b8014c',27,1,NULL,'[\"*\"]',0,'2021-01-07 05:45:08','2021-01-07 05:45:08','2021-01-22 05:45:07');

/*Table structure for table `oauth_auth_codes` */

DROP TABLE IF EXISTS `oauth_auth_codes`;

CREATE TABLE `oauth_auth_codes` (
  `id` varchar(100) COLLATE utf8mb4_unicode_ci NOT NULL,
  `user_id` bigint(20) unsigned NOT NULL,
  `client_id` bigint(20) unsigned NOT NULL,
  `scopes` text COLLATE utf8mb4_unicode_ci DEFAULT NULL,
  `revoked` tinyint(1) NOT NULL,
  `expires_at` datetime DEFAULT NULL,
  PRIMARY KEY (`id`),
  KEY `oauth_auth_codes_user_id_index` (`user_id`)
) ENGINE=InnoDB DEFAULT CHARSET=utf8mb4 COLLATE=utf8mb4_unicode_ci;

/*Data for the table `oauth_auth_codes` */

/*Table structure for table `oauth_clients` */

DROP TABLE IF EXISTS `oauth_clients`;

CREATE TABLE `oauth_clients` (
  `id` bigint(20) unsigned NOT NULL AUTO_INCREMENT,
  `user_id` bigint(20) unsigned DEFAULT NULL,
  `name` varchar(255) COLLATE utf8mb4_unicode_ci NOT NULL,
  `secret` varchar(100) COLLATE utf8mb4_unicode_ci DEFAULT NULL,
  `provider` varchar(255) COLLATE utf8mb4_unicode_ci DEFAULT NULL,
  `redirect` text COLLATE utf8mb4_unicode_ci NOT NULL,
  `personal_access_client` tinyint(1) NOT NULL,
  `password_client` tinyint(1) NOT NULL,
  `revoked` tinyint(1) NOT NULL,
  `created_at` timestamp NULL DEFAULT NULL,
  `updated_at` timestamp NULL DEFAULT NULL,
  PRIMARY KEY (`id`),
  KEY `oauth_clients_user_id_index` (`user_id`)
) ENGINE=InnoDB AUTO_INCREMENT=2 DEFAULT CHARSET=utf8mb4 COLLATE=utf8mb4_unicode_ci;

/*Data for the table `oauth_clients` */

insert  into `oauth_clients`(`id`,`user_id`,`name`,`secret`,`provider`,`redirect`,`personal_access_client`,`password_client`,`revoked`,`created_at`,`updated_at`) values 
(1,NULL,'Laravel Password Grant Client','NfmHPw8F08fy9Y0HsIyrMXzem7PDSldNBMOVOHdo','users','http://localhost',0,1,0,'2020-11-22 17:43:43','2020-11-22 17:43:43');

/*Table structure for table `oauth_personal_access_clients` */

DROP TABLE IF EXISTS `oauth_personal_access_clients`;

CREATE TABLE `oauth_personal_access_clients` (
  `id` bigint(20) unsigned NOT NULL AUTO_INCREMENT,
  `client_id` bigint(20) unsigned NOT NULL,
  `created_at` timestamp NULL DEFAULT NULL,
  `updated_at` timestamp NULL DEFAULT NULL,
  PRIMARY KEY (`id`)
) ENGINE=InnoDB DEFAULT CHARSET=utf8mb4 COLLATE=utf8mb4_unicode_ci;

/*Data for the table `oauth_personal_access_clients` */

/*Table structure for table `oauth_refresh_tokens` */

DROP TABLE IF EXISTS `oauth_refresh_tokens`;

CREATE TABLE `oauth_refresh_tokens` (
  `id` varchar(100) COLLATE utf8mb4_unicode_ci NOT NULL,
  `access_token_id` varchar(100) COLLATE utf8mb4_unicode_ci NOT NULL,
  `revoked` tinyint(1) NOT NULL,
  `expires_at` datetime DEFAULT NULL,
  PRIMARY KEY (`id`),
  KEY `oauth_refresh_tokens_access_token_id_index` (`access_token_id`)
) ENGINE=InnoDB DEFAULT CHARSET=utf8mb4 COLLATE=utf8mb4_unicode_ci;

/*Data for the table `oauth_refresh_tokens` */

insert  into `oauth_refresh_tokens`(`id`,`access_token_id`,`revoked`,`expires_at`) values 
('00ae0713a2f30c72d8df7afe6d95a854ed0a62bd42f5cb5dd3c8aaa0cdaebbb5224c7bbd049d95f3','e879be4cf910f955344dccaaef31f57834d8c13f02b9f87a286d9939e206b2ec2086515bb8551839',0,'2021-01-24 13:07:23'),
('01ffbc785e18b998a6d9cc86bde5134014c145227c7da2af96ef2460299ddec4383559fb863b0952','bc9bb211180a73cb81650e13a998e5105e51dbaf9a45409967b5a18358506a62a5bac70cd7792a54',0,'2021-01-30 15:07:44'),
('02804b135eeb3bde883a08dc69d83fcd5ecfa97a489f6801b9bbed11fdd04592f2654d7ed9ccffb0','003f8da65226a6937ea0d4093a26734e1f28c362a52bbaee528ac236004cf210129b5ece285da888',0,'2021-02-06 03:34:42'),
('0434b0a3936d7524fc59bc08ca3cc0cd2c6952136d8eaa7705e4f4a61a7c6e499c6944ba889c7f86','d02810ca13e84c75348746c80c1a4e0c7da4bea3d51896efe836bb817bf72b3b0f85ca25e18f45a3',0,'2021-01-26 06:56:40'),
('04b1e5ab97f0c13c80d1073822d1d4cc188724225fa41c8a7911ae9a9256c9c1f96f44afede7dfab','ec7846bb9fc6c4aec4ab1f746f02e460434d5769c37996199617561c38c871f48390037f1d49de32',0,'2021-01-25 06:12:22'),
('09bc0965a401103e88ea912990578ee1efb94c2c5cda2e3d7ea3c1f27a33fd35e70c2b5c62f2d0bc','2f70078a5d6cd88efe1e36536038b96194274b09d0a1baf5210c6adb0f5a0a1b7619063d48ced10c',0,'2021-01-15 16:20:05'),
('10ad34277e46bc2ff55968fc2573558d04b2b7ce300a629641105524af11fb1ca1e68990d7765d5f','d8c96c6ef62c2acbf82750f2d07ea98cdd9c77147fb917e1a6a5af4b31f1929e51206d18bd860bd4',0,'2021-01-25 06:24:26'),
('1141edef63f372c2253f337ba1793de3dd125d7f413626dc72a3a8973e348c3f2e6a9565a3eb7dfe','352241bb02be41776a8eb6ed9d3d32e2cc59c73af7e11b30eba091446f07d84c5bc80a6bebfc373e',0,'2021-01-31 12:55:44'),
('121998603802da021fff3542517891d97bc7363e7ba62d142457a5f5d77f390dc3ab2d0de49401cb','28277efe634c58363986bbdb44705e886626ddd1ecd1aa901b57aff9b17a54c398a102af9dbcbc13',0,'2021-02-06 12:10:29'),
('12764fdf80e386340cf2ef48fb5b747f20c4273df38ed530786b9fc3de0d88d4943c6a811aa73293','2150e0854dbae266ace1179280e5da04570b70610b1a87d9c016b19d5b24ef3bac0283a6a9dce3a8',0,'2021-02-06 11:57:20'),
('127aa9274f68e96cc78be0849fca580580abf7bb1e533b16e1635f6e72305650ca93f9f0d9d97f00','233c1f031497d287863c62f7af123920f421661d6b760e7e7daa4961afb761c89009f9aa3eb3f7a9',0,'2021-02-07 06:56:45'),
('163da2937ac74128d5617124371e74bdda559e2738ca468a97cb6dec0ece43f8eae3df61c87799ed','95130bcceb4840df63b7cd1ba252dec0b1a7ebec82effea3ae05ae5f58a0cf6e24e9e84b2376c45c',0,'2021-02-05 18:09:13'),
('16adf332498d1f7ae151a5d9603bd605fa3c71651b2b4a0d436abb7a80ae1d8b93309e158faaed57','29bdfd20e1eab803d0176203224dfe6544c45dcad8233881099587cd8ad9a328115602949eaa7928',0,'2021-01-25 16:17:45'),
('1715dacebe84853521655764c26df86f5400f9825669a0f6420e44cda131399d4bb167a9c857e227','8462607fc4a87a6bb65868d054f98e15a2d9aae4c2a0f5ac422e647e4326dd15a3624ff9817ac0bd',0,'2021-01-25 16:29:08'),
('17d8aeae2c297f9ab5ab7923814a97e3d7d9ce372d53e36ee7d0118a3e21a20e681960a4018674ef','8d79b1bad4fda701b9c442d76c1543c24850226adce3f36a001f9031533c90e3e9b574220108e511',0,'2021-01-24 08:35:00'),
('18ade10e41f20764942e96ee4e8bd9cb91c229e454cb930153993ee40fe2a8528b5fce0aeaae4162','c0148870664bf3b21eb2c76bf826ff4a487b6135f76ee771213220c5b8585da4ad2c5923236f9281',0,'2021-01-26 07:16:17'),
('1a830f4b3eb03858cd4a19ba52995b841143e4657c2668bab57fa74c19a1002efa2d24bc78d5aff5','6ba0b794d118cdf8eb1a7b29366169de24b2c394abcde1b4daa720405caa20050d718592421b9b4b',0,'2021-02-07 07:01:10'),
('1c1c95e6b5185cdfa515a4a228f6c8337bf2d631675de8d24e766e2b483174f5f9fe4cf4efb4ecd2','79e107350f130c0aa5300c71f0d8507c7709763afb755dea707cce7cb42aae43b389bffeb2a58d89',0,'2021-01-25 07:20:21'),
('1d9a2731be476a5b844e78815e7b91b634fd87e2a876c1b9f539fa7511c3fee21889b50032df0992','481312b79e94b69f0860a5b7e623b9b4f4cbda4b306ec3b5c1e1ad45f887f483e238c31342102c4b',0,'2021-01-26 09:05:33'),
('1e6817b43031b116b63aad6f667333c36f8d5d1623d88d5e4c9cb86e8b7736e54833db0e8e1f43dc','f21a9b367a58e0f4409ff281209306f39b5636a430c3fefe089f45a50ee13ad57a93b95522ebb5f7',0,'2021-01-25 09:00:29'),
('1f91858ab9ccbc1c86cd1bc557b782024ed7e15c06c34d726a24ce4b4f0250bde36d1232ada60d1e','d8a4262854326a08be523b290c9e640b31d39d3de3cbdab06e82f1cd3d56d7b6d9db5f658ecb0555',0,'2021-01-24 14:06:23'),
('1fbf5cf22312a9b5d76081eb5c091cb12fc597daa2790330cb8b155dc4a1637c0767024ff9171aa1','0e22cec5af9771c7b99edc85279f523dba4835cca8d6deb20a2d313160f32951005e3d3ecd9d5d3f',0,'2021-02-04 12:20:10'),
('1ff5abfb866f6bd0de40f85b1423383044a0b786b4e9aad5593b210fbfadd592f2852c7112f2dd6e','cb927b88c2710ae40c4c40c98ba2de0ff00442485f6ddcee8128cc23dc1070bc11a389b9f53ad67b',0,'2021-01-30 12:43:18'),
('2012b079a14255af5f15e30f02223ff558801c3503593b0f0bc41369a1d99e570e32c33af6305115','c732061f43bc167c9f2327b79aaf7a412482ff331a47a76be183a4be40ac077dcb6a896d169489e1',0,'2021-02-05 05:26:09'),
('22d6e4a48eaa54ff6f17154e988cd63ae1c38c456f3728ca2137e12cee46ab8a1087a0bc764a81d1','fd568a65b7ea25044927b823f781375fbd6ecb55cbe0e2739e3f1ea08e8f656937cb3c8dc0dfc1e6',0,'2021-02-06 11:55:12'),
('22f62ce01ff8beb5e0859a031726e7ad81478b10cc6e88b84aa476b203d5e08efa9d65cd6ddedb03','9c713f7a7c0de794e474a2d4fce20440105e6488d320aad3badbf0463be60bec2cde0a0530c9f5c3',0,'2021-02-02 08:36:18'),
('235a4a86a912576bf7a2bb83db9abb764f73abb8a8f6a04c7cd7e2b1f7d4048e49249053b6a6a21d','815b0e38cd7cfa28f8df95e9bff86527d326c4680220e9c4514c8f5e6f390a5849388b7fb8ebbabe',0,'2020-12-23 17:14:50'),
('23bf642b183c553b0bdcc4a7ecf6ae34b7a1aa45f50ecf6fbbd836a0763d708c6eb8f4e04dcf8f1c','1e9030022442c053ace4cc9cad39e2dbd370e31400ef6b0636855de89b53bb8b2bc8b83c87da4931',0,'2021-02-06 11:48:07'),
('23ed03e053ce95225801cd3cba2446bbcaa6ff4cc5ffb77a04fc171b74ed6fb4c2beea6c8f6a54fc','58d84df2fe6d75dddb55dc3df17585595a87541adc7beab8bfb20a1a8d5491cbdd56206fd4310d90',0,'2021-01-10 13:00:32'),
('2428326a2aff8403e5856bf0ef45a8d68b9e9c78fae4a15f6843f51a7b627427cdb53d5bef041d94','7d4932f61c31cfe4a980d1170153909f0ef9a6af451945d3fd4966d757f370435848f25c34503428',0,'2021-02-06 11:57:52'),
('24364765f5070986f51b8dc5d073ee1d49648a777ec1c6686580e0dfcd3b8a0eb931a25ac760883a','9458fe5e0611771d75d4f5c98095d3c2b910d6a866746b00637f6e5d2eaf6e777fcd3e2b59383030',0,'2021-01-30 15:32:46'),
('24e21999868590c42ae4192b317d61e2a0f3d66ec34710b8850a13cc5ed62b9022776d1f1b0634fe','538fdee37d6d9609a8418dd319ccb38457a9262337b0e2592baf749031db5acf1956066075c66e08',0,'2021-01-18 13:04:51'),
('255cd04a0a14ac4b4780607d207d49a87da04c6ae7defd667262fd51d4ad1371dfa4d2a793786c69','1fb71baaa6b5c4a88da9995ad2dfc8716978f189063eefca76355efa5d66914b429a7a3cf9d1238f',0,'2021-01-28 17:22:11'),
('265600241055d86450a399b2fcf2f80e1cd6129d2c95a552e8b32fcab155132cfa1c252c0047de4d','0aabd001f80f31d9849304b7c1fe049b862bea71edc378e5ecc74b1134e78e7240c053a724408af5',0,'2021-01-26 03:39:04'),
('278acdbbec9d1c2529e384ba03a38d27229a282346d120ee48075e60911f2299c774293736ef968b','e5758f274aee6b8c3b2e8da425b0b6ed811efaefa13321882b21bfa32553ef62ee41c9a358869705',0,'2021-01-23 05:34:28'),
('295d32f4a4f844087fb876ac90fb6baa276714dac13aa9f4b1da5f0c1e80d9282ae30c30a191d427','9796c0beac3db28d12ad7d17e8e88288317e3eb285b3ea6aab560e281dc6f3a13f2c5a7a01b402cf',0,'2021-02-07 07:01:28'),
('29d6261034f97f89ab59ae164b9a37f6cb556b942ec873f8e6d2910c05be85f8f43459ce284ecd18','d5dc650d4d41be7b9ed1374960674788d5a2bf0f36875973551bc1ff8b6df783c968359055b9b6f5',0,'2021-02-03 12:42:16'),
('2d407da5c5818028b5049d37fee2808041c57d9aba2c8d5b26a61531936fbd097aaa3311b82e3898','b2615eecb812a3c4d2a4b585294dff5d917ae60714b7336bf091db701b65e02ab369ec17b42267f5',0,'2021-01-26 08:47:16'),
('31350b4cc41eb8de5ae9c3a97512a804ae6515cd6b25ab5b79e4e716225125ecf3c42b2985412712','426eb76086a7dd355e31fe2ae49096ea820926ec456603dd119b704e934a2af662a1fa59dba72885',0,'2021-01-25 18:57:41'),
('33db12ff2f78d32be728241065ceef8c4178417195e300e3f5be809853a97abf0bbd7a705ffae1e3','8412ba4f533399c9735f4af5038f31199716f6c19a8f4867567cb4398a0f210fa38319291b25c902',0,'2021-01-22 18:13:48'),
('346c586d8bd0eb81ee9f5b6cfd8665861bfd461ce0841eaed4e58f25680826e341f5d6eb47bdfd09','5ac6e06f641083a45a670b03309130459bd656b00a514c94b0f5d84a39e6c4fdf9cf1fffb2a9e88e',0,'2021-01-24 15:41:12'),
('356bac0d3a90dd55e4f229be630f2df46610b2f1a6628170cead85fb1e2e05d0bacd0128f3aa6e8e','c0bf161c42554a8f95c00e410e4167135ad9c37de192e5edce5308d1fdee1b7afba42452da8708eb',0,'2021-01-25 16:18:55'),
('360168ec41db6b15e6c118ccbbf25855323f3a61a7849767c6de13a45e66f925c61a859c7cae5d2e','7fb9fc8421119310b7a3cffa8dde216ea57ea948032a90ada7bc52f1b2e84c27db3b2013f21c4c0c',0,'2021-01-26 04:47:06'),
('380397fd18edc68269dbb49d3adc03e7f3585551bc6275b09b8fc777a1a4879cb7a99d22c2438c67','2a05ea2af20a558125d3e602d9e05e9abbe98960227fd429339e7b78129f8d394fe29b359059d5fb',0,'2021-02-02 08:10:33'),
('3a16a0b13c1fe6566056b6dd847b5ea12d95bbc41c90fc52195eac000511699d6289d3994b8b8bf5','6e28037ecad2b8e9713d1763e2b075793d46f02b57b5828a20f42fde7f86b129b4c3319060492dbd',0,'2021-02-02 08:35:45'),
('3b9947cd39c7a89412f672387364b0587ef8ed1dfe69e31915cc70d766f5e00fce4081b3bb0c7f3f','ef206bae86da195a0f9995ae1ad53b062b651fe2cf77cb39e6de29c6fa47e30a7ffa14b2eb67343d',0,'2021-01-31 12:43:35'),
('3bda04efff062b6c85e0257720028f3763291b1e47050839d6f36d1081e425caa0c6bf77e10a01b4','7b0d99c04ec83d34d9abade1fbb0ec5092ab80c82c2edab26dee978b9d44bc45db83cb24af5b61b2',0,'2021-01-24 15:21:40'),
('3bec609251f4950f7eaf3905e660ab5708c4c14265b5d6fcea8d98123fab0536617ef864e4e342b7','577a6f14c1771c06b31c3e8b67f401839a774f837a5327fcc57d09b9632bf603d570a4bc194f6eac',0,'2021-02-07 09:06:37'),
('3c4f5308e1a7c5eb0437f4e8d636a618b9a3a6d46fc959f8e40a886fc54497df7a63a8018ed15f85','fc19b832b248005b10b95f8e8f345f1d5af2d75269a78492f31b89864d72189771094825c33c00af',0,'2021-01-30 14:50:51'),
('3c8c2f60ecc70bd66f39f3eed80435cc1e04b78191f21a427e14cc2d1d41cf8eb51b5a794a3608a3','4bb24f1b93c6a75dd7ef8567693f33566d3e1d6446c54448979416ed9576c75b235ce15d7c96a7ff',0,'2021-01-24 14:17:58'),
('3ced26e443329e93af30c37c206221d0d578d50548bf3b51e3ccb8d4e2b3f34f240d3606f664451c','e3030d8b9de84def74fd991c96d69501aaa2886d28b6398b7c955622ffdc1adb7a18776b7b66cd63',0,'2021-01-26 06:56:33'),
('3d293ba612bb4fb5808d61e6a9c835db0cb3c7c84304df8e8bd3070c14e51e33ef31c6b6101b3542','a13e4ae2705fcaa7d5261f34b8c67f503a5bb4f2cd2d1088d53c278603fc2bd173f69397ad89780e',0,'2021-02-06 00:32:51'),
('3f2f90c39571031bdd7df9168b6d44128568d5e774d2889d0c86ec594b7b6fe0c9dc83686396367b','bc7ccd85e0931098b67abeb7fc94dbb1ae718a7a449968f064260563a94111cc58d8abd90f1a541a',0,'2021-01-15 16:20:29'),
('3f94195245fc55ccd94764a681ec8b12830c6df8b091b10fce6bbe02c333b687822bb8fc2802d769','148be630272a1226f819718fd1bdc4049032efcc07c066db2ed30d4d9c03c9ebe71c94177039554e',0,'2020-12-24 18:04:31'),
('403be9a100e5ff85509ca947915af5b291363ef85af37f806581d8f241a31c6fd8315d674991c63b','ca07e4e76d283ae28c64c6a38e9e14dea6c40c0503eb9f8e827799f49d4ce5ca02321010211c5129',0,'2021-02-04 12:17:47'),
('404c8dd1b5fbdf7b6a56a9396707aa18276c4329c55f3198872e19848502db0d14230f266bbb5dac','2c6ddb29c129c96beec1afdd809787774011e9a532662c7be7d4a9ce6d70b8e0caf07203df2f4c69',0,'2020-12-24 17:28:50'),
('4406e9f6d193b3a728c2993d3773641694bb21663fbedc369c5b2b5a9a9bc24c50cb84f3a2c1d4c6','28040f8bfdc0c1715097198bf6e2a6f02335f128818069d4665a2e141a10416a56d6db74594bfd1f',0,'2021-01-26 07:07:05'),
('44e2985a48210bed7446b024946aa6a4aade90eb4d494331630a2150dd4b9e177d7c25d5954e822a','b8e4dc9b565e56b12a40dfc6924d5a6f9ee92d1ddbd46b745cc379648334d0f81a6ec1d9acbe9106',0,'2021-01-25 06:10:39'),
('460c7251116f549a371d909387944de850412f674e89326bfcd4b540dfbc909855bf34af53341606','28205a707da266af53d1a9b5ddbe38165baf4bff667fac25717d34f41d290685feab72fd6a3fb227',0,'2021-01-26 09:06:47'),
('46d040955aee7bdf4cfbefd707f29778dde4dcda8708c9f1175442da7331622e66392ae5df60f9b5','dcc117a17bd7bc83796afe56609514f2a6e37eaa5b2d40e462843c1120d7fb599187c5f3048c8c0e',0,'2021-01-25 16:41:13'),
('46f64f2ce3973a350b470f56e0839e16b3f00d736bff516e2811226ab9681704aff14ae057ba7505','26599e0ea8edc0bffbcae53a37d1cd187b416d6d4eda878dc14e5d5b1f96d09fe276a9ab78fff0a3',0,'2021-01-30 14:24:04'),
('474079c03e5b4e650939f0e88030a2094fa118d19032481e507fff92d7827a1b8c829738967bffb2','62f57c8c3d0eef19834416f15b9175043bd40a4604ddcc6a18a906ceb0152e05a8561b89ac30a88e',0,'2021-01-25 15:29:28'),
('474e4469ba0cb69f768c1cf762814478f53a958082addfc3768583dc70030649ef6d58248d5b975b','ca12e354ffcbe765199977065d647e03d3cc31a648f532b29064ef24a8b963fb7a0120215460a221',0,'2021-01-24 09:58:04'),
('483a2e9f5a36d7318528955a9d0a0902494b86f3caf3a2e6f3336599de5c4d6885bdd78a74dfc5a0','052b7683d702ca91a5385ccd464abff11289e94e72726c4190a10d51c5dab82d73b2a564185a3e51',0,'2021-01-24 15:39:45'),
('484c53c8b3a0721b534cea130b3b1e664df274aca99cba2c2fd8e18b37ae7711108997410049dfb5','d0a20c91e5c5331a16aa20fe30f6b2f1a8c3efeee35f6ceab3967cee75dcd54c3b7c7d19ba3aceb7',0,'2021-01-25 16:29:11'),
('4a2778a87c3f8f4ec2233544655143dd02347946bd4aeb1f2020c788c3f92258d16d2e15478c9d58','da5dc5d71bedf6ca88ac434ce13901b71e0fa727a6a14a100cb2dc0ad88ea135590ff2bab5dbc375',0,'2021-01-24 16:37:14'),
('4b4740c7f00f90c2ffbf6136c718ef3be9cc783a4507a6f56090e9fc15e6b072efbcad647598b74f','cd488d256830cadea612675074823c5514201e8cc6db3878faca2dae47ed42b6350d735ff48c5302',0,'2021-01-26 04:48:37'),
('4c49056ca0249a03657abb957edff4ee9d64c8a095ae956ce24d04212f9f233d9c34b6d5b5ec2eaf','b8c07eb82a2fdbb2e5395a517269807b5cab229b2fcde8f5617f69a687efe2d4e42d9c120410ec2d',0,'2021-01-18 10:49:44'),
('4c5f53c8a726b4de03fab2df8f4dd5a5f388156a8c23aa90644d9f8722d1481311f6c12d0cebb993','6cd4d95e6e44923e57279ab694d644d0ce04c8de5cf4cb6ebe31f1e2a8dd318cce4b3c095db6ccf3',0,'2021-01-24 13:26:27'),
('4d724be9a8170b9972e97b0aea4b87bd29365a4520c42abc4b6a120210bd9674f4f3b04dba58dc5e','15c2771db2caa3c8e6f7da5fa22835616953371a786d66fe01b2f88c14f7ee77901cba611a441ce6',0,'2021-01-26 09:03:06'),
('4e06611658c2f9617156d16d8061f7e24b59c6931183187745fd8edadf6bf7afb01376898b67672f','5e8b95319c9cbdc08512bcfff85612ce8d92e23583d0587ab61ad9579b1d80b7dff8455ffd24b354',0,'2021-01-24 14:19:56'),
('4f87d7bcdd9a4b22ce8640826cb59bb33d2defc958c2a76fbed20eaa2612f67bcaf6a4eb57132456','4e3e5f8f090b1fefbc77d62c1026a3a5bc2351c3a260e80572c143690be43d37efd74f4c58b14437',0,'2021-01-31 04:04:58'),
('5010653280e02a25e7fd872a4e464609f941d400e6ee8ec5a07920f875e8cab6a49627d06ac0cddd','592460670b6d030768ff7d0e3b6cbdc1557af3296eba1f92e78784c8d11e120498ce8f0c017d799a',0,'2021-02-06 12:20:15'),
('508816b958e2d29908213a9c68797402471d87eccb8a31de91517cb349d4af9f1b8699ce811ead30','bed4a5cb29d653ad2382808d788b0469a9c7a4e4902b373c86f72cfccd412dc5ccc2f9a20f788510',0,'2021-01-25 15:29:23'),
('50cb8a891632e6bb730c96b7b13844731c893af50fcccd264f17e1e6539efdd149610b831e1842a3','2ca6bcd0a78991906c70e68bb9ee2f0e5e27c60dc878f61d7c42c293a12b514bb774ae014085c904',0,'2021-01-10 13:00:29'),
('5135c403da269f59660734eb4de2ac387de9b375fbc11feca7ee20a7f35d3bbd61b1be5b3c335858','ddbdc8027c4a8561eb0f9ce22f567ae26fc377467014804d7fc872eb63fefaaa81556bb08160d998',0,'2021-02-05 07:10:27'),
('51bcf2ef94e6ee3bf14cd3d1b414d6dedeb591f40b62770d2084b4583b46f8b309a862dcc8b58615','981770736cf61cd66d8cbfc0bedc4652f8305f16b20c6a753f02f0534d4dc68cae49cb31e640f28f',0,'2021-01-25 16:24:23'),
('5239414201723d622234247e8dfb96aca68c6e0b8da4cc809aa0fdcbb77d10a38e9ba0779a0433d7','e5bd8ee39406b42d64497eac276fa97ae419a222e298b91dbde97d2f91073c566d6f5432fe4072c4',0,'2021-02-02 08:12:18'),
('52c0412a843d556c8ace2d24794b6173cc055f01e7adc7ece2f9c33490a61f8b640dd3dd650accf3','fdf9713be58d391ed8b9990ba9c84dc81fb558c82d1886f6670a35fd348162d56483260d7e39c82b',0,'2021-01-31 13:04:22'),
('52f1092d373cd0941d09b82165878667383581e293f0d44df74b06aa46158c6695dbb7858ae5aea1','125be455beeb46e53fc5552dcd3337e639400f00b749ea45e2765b8c8add0f057ad8614a2dec3d4b',0,'2021-01-26 04:48:59'),
('5577d857748f4b262d453c8a97ae9023512de07e9553024ad3a2b11e3c32f4915c5c9905cf94eb08','f6bcb21bb7cec31fc6b11289ed1b497fa741dbcc34f32bfcf74571aea7df7f22eebe793900e717b2',0,'2021-01-10 13:00:29'),
('588fcf23f2862c43e70c693666d197f1c86d03b04f73df7d390fca1adca7aab57246cc5f6e33e2b2','d82fb69136d170f060b3d2c444198bb1b18266a98562e6e8072718d000349bf636b5b01774a47dbb',0,'2021-01-19 18:53:16'),
('5b8dbc3523c12018453a1e6384ddadbc3407081c20d8f42998eec567867cf901fc861b6f0594be3f','3c0edd1ecccd7c69300e5e82961ddd78d6c0cfb053994da4f909c9aafe11c4c2262b3dd2f1630d2e',0,'2021-01-25 16:32:49'),
('5bc1819dd73f9bc6179b67a78d45c1786f47697bdc8ef9e0bbfd9ac63c59d362841bfe6d55ac7a31','49094bc7f6ba40ef64cd1e178e301dce9e54fc417ca4934717d17e9560ed59eb6b3e74227d87d7cd',0,'2021-01-22 14:44:04'),
('5c0952baf9be590254648bedb6732d999766ff26dd46025da3aa790d8ee54f4a30be03f32bd24b23','af19a5e8e2521928c2b22c8e415d4cadf329979b31860b88c8e28d876672cfed12543b5b7c8dfd6a',0,'2021-01-22 17:43:49'),
('5d12272ca8555a776395e17bddbeb706ea97e20c2dbb4be1c7be9f033058e385b5f62f0c5170cf4c','fccac7427b5f5150cc7323c66d7866a0875d52e01c91f4cfccde1fb4243f774fc131f42edbb7dff2',0,'2021-01-24 15:48:29'),
('5e9b0a30b4e2ded7269a3e31307b1eb42737f47b098d90cbc0ae0aacffac7a8d368b1eeffee44f40','bc33d80601dab27e2ca4aaae18520313b5e69222010507f5a45c099e98b0a9e6a8526ef074469804',0,'2021-01-25 16:39:12'),
('5ec28e40afb9c98b60de65009c8e414d24224c5788275c5ff4909276cef1f06047b1c6dff8be583b','2ef394ff95efa6fa67896f9cd0c94181d0f3d76ceace65a293abaa35f893c63d31195b389d3359f7',0,'2021-01-25 16:20:23'),
('601c97cee601781ef08ef952890275ea07adc4edb010b047bbe8c736824a80537703ddb1da50030e','75e83ac101f293cdf353a3fa5f67928dfb31e5a2293f5b0beb045b4d5410a1d487872f09bda6af6d',0,'2021-01-25 15:37:54'),
('60f26283522ce122e780be8384b2dedc563db7dd62736a686bdc5b3dcd1be59480e7c11adc13189b','6ad79f71113b97af3ece8056c0fe6ea475e049a5f8220b8e719687993b36ce724dae27246d89b7cf',0,'2021-01-25 16:37:24'),
('6131f8f95338414c574f2989550f6529ba81e6325e14c32c0018c745d6db033706d004e13bf4b79f','1b31bb0fcf244b7f1b2f8c96a8cb8cd6e2618818c9ae9ed3339010e4ac57760c1746ec4cd1fb5939',0,'2021-01-22 15:20:23'),
('61c38b3545039697597da1f03c6e7eba42cbdf0ea0165a8ffafe72770a2efa4de783f4ecfdb40c65','011a51e6242587dadfb612e0d717981e54c54b7104a0273cfa18d3ca75a4629314968b452ad3e641',0,'2021-01-24 13:31:27'),
('6253905242e19c2966f324b7a0a41816a34fa38539907fca09b3ea8b39369e0e67dceb495eb51dfb','8d448dcbd1312c45a356d16eafa3d4cc1c9e38c8c99b455f57d5d8cc2d924a7e5915bd6e3451ea66',0,'2020-12-24 17:36:38'),
('62862a5f01f0fa2b6efce4499e75fa4576056a28fee13c2b8ed2d1238ea98a5bc0dec1bf175075a8','a8c3777cb29bfde9a5b8e6c464c53135582022a0ebe3f19ccf38cf22878153c021aa89dd795f31ff',0,'2021-02-06 03:32:20'),
('63b16869393441b9989c5b2ad0f11a6f215725f1deaa12bcd0dcb1322ae8c46817ccdb2481c3285c','bcb98607cac4aadccfff36001d0920019381f39804bad0746916b0e7a13fcaf0e9dae9fd67c86763',0,'2021-02-05 07:08:24'),
('6413097b842f69780187679a03e05b366fce882620af9e29d50955314a6842cbfba3a81f07199d16','6765f4d5ab6fb114d457c81260398d303172f24c9616273c58b3d1471cdb3713b22f73ca1500454c',0,'2021-01-26 04:50:30'),
('65155214f552753ff69234a430a9bd4b8af5f47a876b61708dec57b14fcfb390b74b5a774c5a785c','013e85aef47345132484328f92994b508ca0c4d1768d4b6baa21382be3651782a1c71f11dfebc6c2',0,'2021-01-25 07:22:05'),
('65b203c5ab4b89c9866afdd48c11a97836bbfc940629795737da7c23a61a19acb89ec393c57b511c','f54cb00aed0930e9046f3e03f8abccc9c8759f965dd2ed2647fe04eb07a5c7b9d95de01fe3afacef',0,'2021-01-31 12:51:09'),
('6780b0085db05529c6b5b7f76ec5f1b8c3d43f684ea18518dca9b12ecbcb06d18100c46ba740002a','5f19af80b25d427e9d35418d666635d80042569808560a68e88c04ae92754bc15ec57a1d322d2947',0,'2020-12-24 15:48:33'),
('67d1e1795af39aa51e9f4bf568c7fea7cadb58e77b12d2e86636baa81b75e8ca6b090671a4f9fa14','b5143ae21995ab572e5280ea1157e1ae4bd95501a7654ec0a5cd96bf552f15a637e4f9283c41eb8e',0,'2021-01-26 05:28:42'),
('68a98e87e06e19621f866670ddef62da199cd3c00125a556dc4d40f2a73d61350964d1311f4781fa','e57606e8194d5914844e83ef77fe742bf85bd9b1f828daaaa241bc50f0c1eb1f9f3cd94a33df60c7',0,'2021-01-10 13:00:29'),
('68c423ceef4d6709d3e12a14460a454e4999331b3ebf78e3fcf8a57e8682a821f51842f2c8db23ef','f5b33b9f9a550fabdfa3d60add49ade2026548dce0ae2c9eb51c7f1f6b8ae0c8568014d8d0617c17',0,'2021-01-17 15:18:51'),
('6907f0c327e4e61eb8745d843c060354b14c147ffd69feb58be8dde7f79a8e51e87ea2c40537a10a','63404c7b21acd4ec72792babddceb03a44a79c7f2972eea91eb5490d2398706e590c967226e7d0d3',0,'2021-02-07 06:27:42'),
('6a4e82771532f23f7dfca8aa798deae3b7c5a963900fe50283c1de81cd85a5460c907749d36a4e77','2f6b35aeca18e8e73001d680057ddfa46d34cdbfa14eb9bf91c702113914a0c8fd8172431d0e41e0',0,'2021-01-30 15:20:11'),
('6b032a4ee4cc56bdedb3db3ad81c23fd606bd0c98f9dbb01f7eeea92c8d69813aff79987bce14f1c','371229c51c1d3709b91a2ff2272d29818c4aa5b6cdfc5f22b61b10d2a56618f57042b7d342301e7e',0,'2021-01-30 12:02:57'),
('6b11e0cefa776ac14201803fa57e18a93996a729997a7eb8432765e16ffc9067c11cd23c66d8fe6a','7d79e2c01c6cb719a63e38b63d473da095097a9be912db87d4ba26ab7cae067626bb679f553f3b31',0,'2021-01-16 14:42:41'),
('6c53f098fce68b452ffe1247f4abb3139465a6fb08ac46443c3f0d58278cda5492423e2f6a7bc39c','fea983a0cf8dad09b1cdd823fa0818627ff7384b4602e6970de4bd0da3ac7d80319c39a9751a1d0f',0,'2021-01-20 06:39:52'),
('6ca5f082cec1a74c909f4a93eadc50504035a0a32421ca85a79c42ec7a033b2781a2bc585eb13cb8','f739e942ca0e7163c699c693929036d7e05e758261d3477bfc358868c4edc9fc03cd117b21b32a4e',0,'2021-01-10 13:00:29'),
('6d3b05897992ec2e839dfbda7ab797f61fd0620f6ddd36f155ae8b46a4417b49426f40decfe73f89','ae8700279730d05c7b7652b7e1e8ce5127cfe9996ca6147dd1cb5c7ecfeec09ebac85bb2b27e0fdb',0,'2021-01-31 13:05:17'),
('6df780bf6181ccb617e486dd160563b4d65bcfa982bb49b701aef69bc5bd45e5195111b0e212511e','10e070286b6193598e6aac4071bc427bf849df6bcc03eca4e57e8a0508eb2edb209c04ec22937b56',0,'2021-01-19 18:53:08'),
('719651b07265360eaecbfd856e96b4dc1c4eb5f1512d6e35b9134a8ecb4674064c3fa45eb2cc3f1d','9a03770571289680dab53467a8ab450eea9fe22d58155d3fae569627cd4c7c775b98b3e75ee97f5f',0,'2021-01-18 11:16:56'),
('722966f22cb7ea733a9a82dff169d526c667fa749d802574ce70d418374209dcc0aabd0da4844063','48c504756d1e456518046507098858cde01013f9048c8b7fc6e63949b11f4daf738cdb5d2dd838ff',0,'2021-01-25 19:21:24'),
('724ad190ea0735ff0fc57307eb85ff56260083e72a049f8b6a1f55f5173223efbd654f2efe12d164','4837b5c7543826eaf501ab039d2a41270b0a4011cd37a3c1d22e6699d9b84ef4540839470fb2695f',0,'2021-01-30 13:59:33'),
('746542db034120220c4f87070ce2094883de6aff0fcd5b8ffce99de4458e09f0b8177110241de8ce','86ca0f5826eb08500d0fa4597b3b82157eeaf0bf6c9e35c002003703d189c950f3ba89b2d502aa77',0,'2021-01-31 18:45:26'),
('74b2a192fa488e1c530341c6f027e550eef798b85de45e89e20333ebfc6c332a2c25c10320a1e647','52c7716634610a5fcf33e13dc3d588c9563ed8dbe5e08dce722128352d2c265304daa6c3c038d316',0,'2021-01-17 15:18:58'),
('75e08f148ff60866168bb64de13b13ec910e8f74acee362b879ffd071f4a88415bbe10a02b3df203','ce4ca789f2ee07b775138134e6b5663c7dc4661d2209dff8735533c9978baa74eefd4079b247d94b',0,'2021-01-22 17:43:49'),
('771d6cafe23333390c1d8d2e449931ea896a678f598544212b4a2f1af9dccb7344f967fe4dd75141','c06193df611c1957060300236b70de50a02ec2eaa6fdc968772b13393f45ea2e7d2512c8d1da1f78',0,'2021-02-07 06:28:54'),
('7d87735347f2e9fc9179b65073d244336b32aa12b59892d3d9f791280cc31bcae8d8b8d7b25b2a15','75db615126709db9f8b202a8e730542ababe6e2366646ac9e347303cb8c83563263278318aabcbcc',0,'2021-01-25 15:35:59'),
('7deeb15c1bf5baafc6a1e737a74b99fc8f1ebe014b8d6be5f726b7d2cd51d04c55d3e5c1f86f023d','c5c68e0494920a1d5419b590bac2c3b92d463943bab04aa5dc40afedcc04b1571bec243384e99154',0,'2021-01-24 11:45:15'),
('7e2284036cb75aced3036efee4053633a7800d42550d9fe51fb8a5c0b932037a54a4fa9b0c32b29a','b2da0f457e717f50a9fbff152fd62b3a879e3dd87e3048c99aa62645fbfaadb927a062d769b153e1',0,'2021-01-31 04:04:48'),
('803f353566f224e0758e39b577c7dbde90a9cdf0d11de9ed170536f1481617952b8a606ccfdff535','96a42313dc35964bcad6acb367343774217ad9b6de9dbe38061a3dc3af10850cc7240987fdfbcaca',0,'2021-01-25 16:38:13'),
('81c76af36c51938226e449c22262e92ddbe0a421310c5eda9bf4001d760e8bc8fc34a707d0fe99c9','ce24350a656cd490742bf4ed2f21d4728f6554e91e6b577a9b2ef1b6b5d76c0c5e9c6eb5d94d6065',0,'2021-01-26 09:25:14'),
('82e6e85b64e771cd0122c9b38a1e9249a0523abf884f050ddb12dae5e10edeb941e407507ac948bd','9a06272c8dfa243df31dc5110ba3305a79db998150865164efaf9dd273f7c07e3fa3efebb2e5254d',0,'2021-02-06 00:32:37'),
('8338877f4a6c7f5d58baee7109e7fa7165740e71e842485408426fa6c7ca50670f178ce63b517148','c0e5beca98c7dfceac48e296def0b33451c34e7cf08ab8d3a2fb56ea58a70a16c002eafe29ad9616',0,'2021-01-28 17:58:07'),
('83f03c89844b97819b3be35bb1a4be55bbb32c88e4837983336a7159442783dcb20b19b974408d31','2f2de26dc5275f8414a0cd05325e814f6f788d4e4fa35938d2f2d375d026d1359967b3bc50298dee',0,'2021-01-25 19:26:12'),
('85b345fbc95dc5b97ab60305a3e205bd719d5922419826e5e9ac1fc6f770857d0d8f38ec1abeba2c','28efdc91a7557e42d4ffd1e3fa5e402bf3464548bb854310fd9ad4df78bce9dbed8e56ada4da5021',0,'2021-01-24 14:06:22'),
('877498e4713ae299c583a6e357f85ecdbb2dcdf54abd8c793827e5ded3eac6880497cff0fd9da156','8c2a367b6dc998ba013dbd3e5449d9c06b66159d924d7a84e9f0f2621cbaee1dfb26f3bea4225103',0,'2021-01-10 07:18:18'),
('8b5daa1400c2f04794934f77671989d1999a36b3e421b40849f9fa979ee556fe586172a52d53a1a7','28d4a4ef43446039b0cbaf9792ef46aa91a66481d39b341071f42f7e1b076640afd44dbc2941e300',0,'2021-01-25 16:36:04'),
('8d1b81bd987fa7a42baa281fca45c3cae45c90d347762b1e57313fcdc601f95a6292937198b2bb86','80ae4f63bb3ebd757fceefcec6301e6c867f9b887ad087cbdc9cb007833955713111aa1fba78998b',0,'2021-01-10 13:00:29'),
('8d66110b3422f846b1c140a8b22ff53258feac25c98c4801e8aa713f91c771606f44b4671d918300','820bd336b2f8c488a397d34c9f60a104341e98d9aef79fb9ee3cf7c8d68b3a93555564a225bbf450',0,'2021-01-25 18:43:42'),
('8d68344ab0d3f8253c27c7c97629c50531354739ce742cdaca8c16d5dc2b5b724267b1f0313cee34','ee822ed6e9ef5dd65283c35e27302252262bd70d097321c6f6b522e930fd3f914278725cd5e9f04f',0,'2021-02-03 12:42:28'),
('8d99db0ca4f2aa992aaae44169156e91abf3f210ad55f8f3c07fd34290affb17d4df4911ddacf017','c8c29d650e0cbafec79a0d7abde9172d5e411b25bdcf8a8eafe79a6c92e2f06223b9d5c355f4fd3c',0,'2021-01-25 19:16:35'),
('8f0c01cc0e46b24777381f228e296bc6795ca2fb548cfbd4d8f790b8a17c857ee52a53f0c66ba40e','84ed9c73abde0c152f725ca7e71777f58a770a787ea2b9741bc7e3b87225b3c0951f4ba12af1c0a4',0,'2021-01-23 09:58:53'),
('8f0ec39b620244aba033c61a8068513cb1d6e8b0c5cd3c51034f631bbc0f01ef0e7ac5b162893565','f9371549d5bbc569752eb5a9f92760f8d49462dbdb7b988e7647acbcd85f04022efc994290e2d886',0,'2021-01-24 13:02:02'),
('8f77b68832e301ea50e1df095df0d8e3891e0e21e77231f1f2223a33c1600ee3c8f1a7da733fb6e4','5232212c18dbb0e38a4dd9feee3fa16e65ddceb987305c41fdf1168b83c10190ac15511dec12d098',0,'2021-01-26 07:04:17'),
('9181370b76645e682425a74c7d08cfe9434f63bd49a73cd68257f657222612d038f4ba44f1beb7cb','cb60ebf993de08b7f27926f899234a79cd9873ed9f561d01b86936ca9a142c808afa82cfb06c62e2',0,'2021-01-16 09:22:56'),
('929ad7ff044557593aedf8952cf3837333113342b8d52af3359f96d7342f7130eaea70fa872a93a6','abbf1a031985b11f574ef195322c5c6985d2d9433f901e672b4b474bba09bbc4e5d90e9e7803704a',0,'2021-01-26 06:56:33'),
('94431bfe214675618244b480d40dda6800bf19a3d19d099f65d564bb185339e78032b702e91fe4f0','dd4a0e34745f3be887778824f8938819e699a64af6b259824b82cc0cf04258e2ea1d10fc55f1de0f',0,'2021-01-24 13:31:15'),
('9782e4717365f2d4a3215e3f9f8ec119ff556d9f20ab85e5ff71901647ce15d3c066eb9948aa46bb','2f3038b5dfa34e0fb4c253a264606925147403cd9d6e911cf390f3ce8a4a17b8b608e5f3012acbea',0,'2021-02-03 18:46:41'),
('9b7d125f7383229b082bff88b81f9dcfc61d05de527011e502cfd974eca215e6ebaca8416a4b533e','b58a50d4176caf19465788a96c85ee4217be0c657095551cd77ec6f415410f3b7efcf63abe7050e2',0,'2021-01-28 18:05:45'),
('9c65bffff3fb19c29cb3727466a8097d8d07e1748bcd39097d8ab7986e0d4c1ea246981eee5a8ecc','9a5359c307c197638fd26046bdf5c2f69e3dc1bc49f88b735827308c4bd862ca2d1071e555e15c21',0,'2021-01-23 09:58:55'),
('9c8fb839271d2e1f4716aa0983b704f56a816b6220372754d4c505d4e1bdc3cc286dd2441edc78a1','c496d8eae670f4c25562f3119d7d7d31f138961604ce632913f2add4909d0d6bb509fa40682b1367',0,'2021-01-26 14:44:53'),
('9d90097c39be5c55c45baa5d02f8e0d5f45bb95f283fbe62d0b8518ef3045ad5002179d56599b6c3','5c47e57fae921127f9ff560c83957615ab4055e1d15bfef7776dbefcf1e4fa6237e786acabcd8acb',0,'2021-02-03 12:41:06'),
('9dcd7330fab941cb7ef6cd14f878887edf899aa8af3f38174e7064fa79aa80abbb361c851af84997','fb9d63ca290bf2f93de609ab03bdaaf0334aaf153bd4c433ca0138a28803d6dd8f63277a978834e7',0,'2021-01-26 07:10:17'),
('a097a396c77a81d044a2d30ceb14d32d60cf32ccd3d01f4b1fe93a16ff5a1de9abc651ce64972629','a1c799313c70165b089e2a3750c39f6ae8a11384eb71c99b81031361d6c58db6f7727fa8ceb7c344',0,'2021-02-04 12:17:47'),
('a12b92ba9eb51c50e0552672422014d982a1d679b9f716b3dc78bd162bc47aed42088bfe439de7c1','b50ec975324a69da7461ebad145761777be4406b209a2f771e26bd54045816322f92c863d13aaed9',0,'2021-01-25 19:18:22'),
('a15ad0da7b43f3a79d24c7867ff3bb8b554f7167f574fd878fe03429099bd80497bbfecdfae35da8','a91bbf75ea717a40d70d4e36f5ba4af4f762a2b21c935087402497fefec824be86ba3f2293bc4a56',0,'2021-01-15 16:19:49'),
('a1ad8c08c4cb98659392614cb732a5efba9c0c16871fb830f578f73f5dc5da7ee4aa2309b5bd4d15','8aa39f563915a64a412b80c10323c02e3a29330f332324b186af2b046ea91ba236c63e54208bb005',0,'2020-12-24 15:47:44'),
('a3bc1a7df94de729a8d6f91db6117e3d3bfda16da7301c3c178ff52484803986c2e3cb8103fcd704','4ef5ec140f35087111be13dd82b8cc5d5eecce2328289656c90305474914f3130c59adcb467ab98c',1,'2020-12-23 12:19:34'),
('a68e3669e7449c9fa8a058f46fe2cf42ed5ec4d9051cab7d7280d92a5706998b5df73fa52be9cb2f','7db5f931aa1e9b6b201e7be360ff9792b1a8407c8410c32ed7b6e0d6e52e1d40e0aab5c611676b71',0,'2021-02-03 12:41:27'),
('a86ac042317a4998ac8bd13de1f13dd3f189c7de2f325c0921efb9040e1a0428fe50d6d6edaf705d','03be33d3728896ee8b7a2a0bbf773730e70bb107a9938af665ec11f548c390b9cbe2cd6cab107cb7',0,'2021-01-28 18:01:06'),
('a969c129a79fab0187de1899e182685f9666f54459cd0bc6b9d61ab0461959925d43c463eadd31d5','24e73f7c0c9594f71b10b64f6f3c28836e7c5c85b8bcdec660a22040815c90e19a6912f5472f8376',0,'2021-01-26 03:41:34'),
('a9f08966409551ec2fee2fb1a2ff6a71c492054f511f11ef1d3346a601a388d7749c754a900c9330','1fc768362fbde836e40e000610d66235d63d3818401fcf7383745a43b6d9356e443e4066bc9580ef',0,'2021-02-06 00:38:30'),
('aadba47b3cb544c1b0090ca1cc38724f2fef6eeb2f2568b43370c6f95c78331f551e5784016083c2','518bb1bdd2ac879222743328255c40974162bed61817f301c8478dd6648ea108d7f8be767e18cb20',0,'2021-01-25 19:17:56'),
('abd4fc2062c2bd161683d10d97827e43ad9ac46de70d0ba233c00dec8caf6420d7904dd747453a59','4a5400ea91d124000d06b2779a76499a140013dd24fc1c14950041a5ea17122e967043527e093d5d',0,'2021-02-02 08:37:17'),
('ac9f67acfac7471752ae17e62c83852c3c733cfca27001637b34369413e368154ef305c3f1bd93ba','eee53ec5e1f638617cdf1c568e10efa456e1066855293c57268f0ea56e6a25c28b828bae4fd3ecca',0,'2021-01-22 17:43:54'),
('ae3a8ff2e5428bde67292902ab669a52094126d10f1240a20b4de84900a9717b1522313f4b5541c2','e40a697498d7c5ffee81412962504c07d8aa1582a91ca0441783bbd6c7a525986eab882dbed1b48f',0,'2021-02-03 12:41:06'),
('b01e9cfe3f6fe5c75ca4605eb19aaed63c794b9d7f9786989a75fd26086307a2708cd6be21b04db7','d8a298cd6090ceb272984d288010668a882bd16664eb4b6fd2dfadcf28655a208d4a1c38c8607c02',0,'2021-01-25 03:37:47'),
('b3a41b15a1786499c9e8548213875b6ace662622a06c18ac214a569a2d0c0edd161f4d15aacea0a6','a910941def1a4d2620e7f74a969b2c2dc8745401896794da99159e4ffc911b201c28272ac6a242d3',0,'2021-02-06 00:32:28'),
('b421675c5fc95f22f798a2b9ec30cbe51495dba28837911d835cc3e85f4ac15b897dce0ce67f1d63','2308ad5a37f73ef5faa120ac0129396bf1a8080ea652e4ae5c8854029741eb3bd2365057a08c4b20',0,'2021-01-25 06:28:01'),
('b4c4fc9350bac876d8cc7d1751e352ca62cabe2a82cc88ee4c44bf15b110ef890f54a3d67aca4ea5','4d9749a0fdda940263725adc303c1e8618ddcfb9c4571e54894b7a4b3dfcddd23304816b9df99d2d',0,'2021-01-19 18:53:08'),
('b56486622706214552e818413f390895e2ed10d33643e5917d847d260f8ba30dffff682447100b37','ecaaafe8b422e20bcc58ca38677824d08291d08e656f14f753963b71e2c08dcd394e57b9d4de520f',0,'2021-01-24 15:42:44'),
('b5f0c0dd9327241a536ba8c737e45bbb1035ba65c43d7786a54c2ae07d4ddb1a6880e6c44e0c485f','6ad94ae7968ed0d309f14bbcde5b32c7247f17e83e111a4bb2da78382a32663b2ccb357e1a1a0655',0,'2021-02-05 07:10:34'),
('b63792f0813bce30d5c98450aefd4d435c3f9274c33024e677b4084f34a301607876bd6f05a92723','07d615f3dcb0f517a983b77516a916501abfe91a968acc24d69748143eb68a87bef9293f7a9c831c',0,'2021-01-25 16:38:22'),
('b698680a0223b16e5ee976287a372ec0960d6012bcd7fd4cfcc569016b2b10910787c6f9ebcda7e3','ff8a189d9a7aa796f3c2c1c56356f74758412ba6c164121342feb6724e108078eae5d49832b8014c',0,'2021-02-06 05:45:07'),
('b720677457791389299cc28b5beb25ac374c5089efacc6fa9d0a7619ee330dae977867bcef3c4360','3463602033c52a6ba4ac09c3a1f3d4893c4c41372cdfb3694fce2199fbccd34e9038fb53c83a2642',0,'2021-01-30 12:03:09'),
('b77b72c2bf1151ba033de648c7ba068197afaa65e04e7694ec782f658d6a0bd8d009b09d04d7c631','8fafa66a2cf36a149ba0f6260ffc03e496fb8553a58c29be2b22597697263f51dbf29bd722b87491',0,'2021-02-06 00:43:16'),
('bb3dd17add9470efe7730fefb80de38233c1d2ac713fc493df0b241a03aa522910b613109db183b3','6cd9ddb421ca8757ac804a0fca1a8dfa2cca69163eaa9fbf0ba5342dfa07feb4f9f641e5ba89b824',0,'2021-01-24 12:17:43'),
('bc10294134e272e0295e1589f8e54b813bc4f08e85bf27692533e92f5ebafae7c3c2c663a93fc71a','4752824c0e0138521a4dcb077de45be17a7c82cfc0347c2e4ed373d3f3b592a39a0f3c9d70c44320',0,'2021-01-28 18:04:34'),
('bd202beb29a0fe26d91ef1043f0affc2e75d8351a6c38ba252da27da1a3c9a62e3c9df32bc1dd371','17ab61e00cdf47ca14c974ddbbe4d7861e4a8e68a2531bc8350dcad959e71d0b86755a1bdf166568',0,'2021-01-24 14:20:15'),
('be32b1c6fbaaf8c77c1d8c04e5bd3fe20fcccb29bdcd1880678c4d3e1ed3fcab2a8bccec44493e38','8f93df195c6d4a3ffe2ba6c9dd8896af14ec35a73aa8e4bc59aeb9eb954b8958cb9be0db69716e7a',0,'2021-01-24 14:27:16'),
('c21603740292dc5898e2e78a259d888f533a3c5264e6423d62ca7ce27148b2ca6b349a9577405b19','3caf3f6e6ed1ce9965297cc56c3d1d7c23bd46ca12c53a625fd4519869469579900f88b79750455f',0,'2021-01-26 04:47:32'),
('c27e9b4fd5f7acc4f5431c8a98bbf3ba06fe6e2a600eb40a2660988b4dd20cb389bfd72a8a73b71c','7c7043217ff2706f15d7e1ec276ff0ec5c9c423468e8a6be208f1a64481c46a23d31d8da238309ac',0,'2021-01-30 12:49:06'),
('c318a59c37fa215e100837b61788c580dbdf73fa4e2004fb713fffdead63faab6fa3698b3e4503de','f2c5931f4c8d64bbdd3f631558851219692df67faf3d022bcd79b0cac6190936b96d09097b3285e0',0,'2021-01-28 17:57:45'),
('c3bab975fc23b62d35b796fb2d0ddb30ca97e36fdaab2e713f8d16f3581fd632d7d70bbef266794c','6d068b8aa55cf09b4d20ba0c63c94ef0dab93e6ddb3a0ee1de8b592d684f1db186b2b77004f84ca5',0,'2021-01-28 17:19:53'),
('c5fcf189f16fe9fe201541167b1492ca526ba97bfdef87ab0f1231b6b47d27c93916b890158ebeff','a3f0166d69333e27daa7fd5aff3e47b7445045715128e1c98b9950e3c4f8a10fb3d6ef5ca862d895',0,'2021-01-26 14:47:32'),
('c658050cf3ba917a68f870cb7c9d8bd4ac9e6082cc592e7b0f118c753a2c059f55f914a11ed82bad','cab3fe2ea977678e904c4e01b143e0ff3492ef4d181a6b5c4d112ea2d5068823a2fff4c6f14a168f',0,'2021-01-10 07:18:47'),
('c7b5401d42fbb3cc5b8d3e86eceeca0d8f6daeae6dee648111965ca2300057d34c0243f904507f2b','57b8ee8c802d7fcd300b12675556b730bf9a18809ef18f6b6675d6c863cc5efa4e392ee0729d869b',0,'2021-01-29 18:57:40'),
('c931a341d495db67ef43e8f65a08233e5ed898b719bece7961ab938b32e32265eae6d7c2069c4bea','97f36f925b39f22c8d7ff247ea578850a7b7445db73321ddb94d7ef8ed1d29277b4bf0049af9e05d',0,'2021-01-15 16:19:26'),
('c98db40f572d2451721862bf2332c1f68a2dde82c9f3fd0f0154c90a9c78f4054c7c4e484e6a8ed8','9976d0d31d019bbbb5014e12e57c8239b81f73a44cc848a63c7201a316a4293b1e840df385654a8a',0,'2021-02-02 08:36:28'),
('c9d878fd43a90c9ccb9f2bd13db42a4b46ff07411f9a6465c5a6bce278af878fa12ae26cd91be2b8','cb966a92f2961d2fc5547f945f24832201b6f0f28cce1862619c634b623fad630ad84355c5d191a3',0,'2021-01-25 16:34:32'),
('cf3276970a5a824ebfd11263843fab6ae5e0ed64e70bdac0165e8c52867ead3bf353600f006ef317','b48f49196a0d0971f3c5e78b79bb14217ffa93e1d7a9e5e3d607ccdc34d44f69f31e9595f1520a41',0,'2021-01-25 06:27:43'),
('d09341ba47203d8ac18bfc1a2c09ca1ff1eedea86c765a0312f9902b0eb28e931dd7cedac73bf44b','f4add43672375f034095b657fae869de0343605d344a4f80bda35fe25865f9a8c266512c4f7c4a06',0,'2021-02-05 18:11:12'),
('d11dee5d710375ccd8ce069ee0c93ff5c2b7904d2409b5c2326931b7c207641a044f90a7be628b32','63581b9288275e5f0640085275a235b2133a577c2ed105d934af69e70f0fe9a2d20fcc4e617660c2',0,'2021-01-31 12:51:28'),
('d220c7ff524c00f146fe27a74a62a8e516fbb0ee88b77353cdf4aa770afaabec93ab321f936958b9','d097814246e21197cca00bc2ac78f3183509e1134ecbcf9fb54fc4aaf0f4b257aaa06769c958f162',0,'2021-01-25 16:28:23'),
('d23668f37cbbc264e15bed96d80ba08fbfe81116026c626444f8977dca6d4e6d06fdd364eec4e1ad','f29d656b01418bd10f2ba769b4561ac26186a44d35c87ed90efa05565866b11f0b54d3419752c439',0,'2021-01-28 18:02:04'),
('d3a96af87ba24b0cac46d93c0be93544dfc852cace194a07f322b00a91e09422c87983d2cdce74df','1ae9c5b54e034d6dd73694a919c1e8f2057ba47fdd4bf1e4fafadf1e32d2378236ac5d2a3e88dac9',0,'2021-01-16 09:23:03'),
('d47f835966ef8e2513a62aa5fce38dcfacfefcf2cc3e20ed2855753f73c050a31bf0e8111cd694c8','df65f77140778e3c669b37f1c3c3380c33e7be9fe78e8f80961537f5c98b50912809b03330aee874',0,'2021-02-06 05:45:16'),
('d6ba838cb1b48d3bfbf65479acec5b57a1685eb6d3a5b3f1ffd8af54aad5792b6815800c87c1b63a','aab230815dbb728546596bc8b8c20b51bd0828fde6067135076b84f7cb650d04b7f03f653926fc63',0,'2021-01-24 12:37:21'),
('d7982327c35dfa2ca5c97e8ad5076f186146532f698e1731b4eb0ee37992fa1e936ebc51c24d87e9','dc2833ac2da31bc20f1b6ecdabb44773a7a6e39932d40b39f75cd5937cdad4a5f1ad419ae3ec3985',0,'2021-01-25 10:15:17'),
('d7e8a3a5920e27c8e717727e3f9c859c4e277df8fcc29051d61e5ccf7f1f806a8443923eed4e5182','a38e57b2f7d9556b3a87b3c045713536013a55a21e4e7ecc9a3f47c40d89eae3402b25d0308fcc9b',0,'2021-02-06 03:32:30'),
('d95e45bfa8623c856e54bc0af5f65e7325c406c267e418a35f044181483cd4981105e95b9c8de713','507d8328240c2c1e5f073df5de92f3ea6bc0bc6a62ba269ade0c18c6ef0f14d85da6b67d072c0ad9',0,'2021-01-15 03:40:20'),
('da22d89425f0d5452fd2186812a3e3a6e92b2b563fcec947b0fa2737c05096cd32751259031adc62','aff3d146ef9906034b1f5ef2d78180782ad2a6781858c73576f37b9c77d6782a17418cab9de6bd1e',0,'2021-02-05 08:53:03'),
('da6f66b59c1d3e450a260262c6ede1665fc8e2efeaef9b99dcd12f465c9b576191f25b2b18cf8349','e305c8c1ac71863c3b38812ac3d7293128afa61837fba1520fda75b127b31975f6008af34aca7f32',0,'2021-01-24 12:34:09'),
('db26daf28ba2565c94ed93823123ce40894d3533272e09cd63c7444b0b1f68b8e2aed5c101ab674f','d22989bbe6c0d91e1bb4ecf8fe18e8cede418dd0bd5264d502c75ebe830b91b687f6a8f604c9c480',0,'2021-01-25 10:33:58'),
('db97338c09ae75aa7ec748f57d403f9fa85c915e38105acc5a3042e4bd07482502180d627bbe0f20','8c3c49d1f33a9d034755a324678414c7bd6aaf6b1b9e6be4255491035929bc8f98915353c305d730',0,'2021-02-06 00:32:41'),
('dd99bb5ab9b61bbac418349fb9b3706c45b5e631015aa31b80111092a83507e8d4959025ff3fb6ee','d314cf9e14ac9c7f2bb82538f5ce1628d1e2c02b788923aad0c98381180e3b99f61a53b3fe4c3f06',0,'2021-01-30 12:47:46'),
('de0da543e4fb4795e0b0b120b3fe1f9b78abf6880a5250de7f0e47fecbf32ee515ae66ab0e6e6aa2','a17bfb4b140bf2a3921e37e925ebbd535f894c9a5b19a861a0cf5100185dd7aab5b432fa7576fa2c',0,'2021-02-05 04:44:13'),
('de7a6a57c4e84b2294ffc15e3498153e51bed64087840a41183db73bb8228affa2d34a3215680ccb','02bd2349bf3d5cbf3160265a40abb6c42a472d50ba35b9c02401356bce0a615dc73f77a19a55fbc1',0,'2021-02-02 08:21:04'),
('df0dc0ae8686e17492a9f61dc86a80154894e7a163154c186f1972e32c879ab664ba75557f997547','ea2300bd9768c6d80e5087321933711068c540565b1105e22763cdf63d56fa6446d50970c39d66c1',0,'2021-01-30 14:50:52'),
('e7355e3dea667af8206a1b0fcc680f46f6fd166e1b717d3d2e6c3ebad30a8b62cfa25f265ce0ec99','69b6ebd7acb48468b8d9b2b238ac2ba3d32b176d19808bbcc46d3e8dda51280ed0ddf6cd91f80743',0,'2021-01-25 16:23:29'),
('e7c211c8852238960771f8db3c237993f77ec9ec7f595781dedc24842f83a699fb948294f23d66a3','d4f6e3dcba8d3083c86249c8e66dce8566954efe0b91e6e28c48661e1e2401ce7b41960fe24c8b22',0,'2021-01-31 13:06:21'),
('e92976f8daf862e149790274af2607103eb4ec53d491968ed3f37332fa38b609736f698c2a334258','52df8d9e6209f81c4ef376920de864da79dd2f0db48255c451a915fbce9c5de4b4738b55298b2d76',0,'2021-02-04 12:18:54'),
('e97551b0379d12ac30e03e9b8608014477f1d19042e3c98841dc26ee4578f06709e1ac155f929c17','6df9658c0ad4a6080c905a041ac7354b6832a4afbe444186022d82d9d202f38047a5411154a700f7',0,'2021-01-24 14:46:27'),
('ec52bdc53ec30afb02cc5aa830bb162eace33ab96fe6c6ea863c71257a17e35a9bc3e33c498423ef','0293a50b2c84e2fee37c918429fb8aceee3a484de2d54ec42891b78946d97e2a5deb55e993c99058',0,'2021-01-18 13:35:23'),
('eded19c210fd4760383363ae5ad958045663e28dd15f4e2573500555c79e6f82db4bd64cabd0ce6b','c8cfbd6f6a57c1215c67a1bc6c8543fd1e3ebb762d259cc6034a70614af5344a0644422c976b2a7e',0,'2021-01-31 18:46:07'),
('ee7a38925357b5276e8686b5ac7efc0160c89c91201081bcb10273f197a426fb7ecfa9515ecd84d8','25fe8d0a781072cfaa1022688458d841db018638dc047c25bb4861dda16109dad2c17926cd908ba7',0,'2021-02-04 18:20:10'),
('f133089d9c0d93e0bddfc128c5611a890d826db5ed9fdefcaa3343aa20dcbedd7fc82eeed1d8424a','90b6fd02795042642e8902146d53e418fca6411383b923bf1f03ac483d207e19dca9c16136641fba',0,'2021-02-03 12:41:48'),
('f1e0230846752cfb9f3e14d2a8de90bbd39e3a71245affddc92a43bdda362471dfa8bc6fa0a846f1','8b4da5126ad45c80a2dbf88de38558ce446eaa1afca3dd13ea6a29b86535aff04981cb089a1f9cc3',0,'2021-01-25 09:20:31'),
('f328d7f2404b9b2d910b362efc1fec395046943b23bd81ccedf48879206ff66969ac4a0f44109915','9f178b622b20d554c8aa2d8f2f88c2e0c32ac007db864dc02aa2721b947970873277c4b129a6d92e',0,'2021-01-23 09:58:53'),
('f3cf07bbf422e34743fe82a8501e37ab96e148b60a395951720cec432845190cfb3ac3f1cefab5f9','ea84d8c692cbee213e40f746d9131731c07656d9281b906343d0bafbf022d49a70cce9f7395e09b0',0,'2021-02-04 12:28:25'),
('f3d7a81eee91d91f648c4a59752ed89068f38c15756adf66e315b507e51e895b7aa2932e6cc86253','b05051ccd39ab72b75e86529ec9bf2c35a5bf93a4f1ca334b47a2b5ea058c7a4edc653ca705d43ae',0,'2021-01-24 15:37:18'),
('f3f0efc7c887a250902fd91eef7cef08eeb6b603a463aa7c793e6e116d73a7eea9fbae9c52b96fe1','85eb9252f5def428b15a8e1fb2a821616057b041e742741290e43a4c9470666d83dfc10a1d6e809b',0,'2021-01-22 17:43:49'),
('f47bd33886c1efcb91f21c065131ac2c1911b87f03b654a59ec736c53067ab35ca95af3500998766','b3542b0ac0be5543d8e6d11f0d2ed99378352130df1aa6272874c21c4e28f4c4b9e21012f970d3ad',0,'2021-01-25 08:59:47'),
('f7fdf446d93b6b930d7edd45d9231f8df466938f5ae041ada1da9347ad7b0a0db7e7c19e7f8aabdd','996eef0d8cd9baba84a81c6b63755056087ff4982db2139389fe2e9984b8e288bdf85d47cee7cb98',0,'2021-01-25 19:14:30'),
('f8dd17b842d1b5f6cb964d1c086a745ff997c74290ab72f39ad67eec14133fd227e7d97faaed343b','32e955f5ae4e29d2706975206aa5e3f9bd8c334acb51ad931a39b26124d422b257237a3173fc9ece',0,'2021-01-25 19:01:31'),
('fa11f7215cc3b597e412fdaf9576a107a65361fd0440b6b52a98d6f30242976ea3fa78043433c6c6','761c19be7a0f9b680a56a3605854f4d74ed20f65acdb6c3a6557a4b71fca2f776a753a27288d7d69',0,'2021-01-23 13:05:50'),
('fa5716b6d85553cfd688a882f3ade83b03373fdc9df7f2b167a6525a376a00fd69439815dec849b5','95c976f5cfd1108b060a1376294a8bdd28e7eb77a9386e03d6a6af6e0b67bba2ac794b431114db61',0,'2021-01-25 06:11:29'),
('faea2d43ba7cd9f4f516556b9c6303430ae75722d40e4fd95383dd8256ef084d62a2d721b7fa5d6d','9160d3181facf5d4f56d058c1057a57183b859847326457cb549f633dc82afa3fba435db37547bdb',0,'2021-02-06 00:30:38'),
('fed7abe083f0ff68c9818d332d5f31277d98ae1fbdc394e890c91a26072e97c5ea50c7c20da9c0ce','6b81d1a145433337ead7433a1633b65b7b1191abfb985b0576ad2b050e18b2e760accbf4433c418b',0,'2021-02-02 08:37:51'),
('ff0f76fe1b996599a189bd6df650364f801b27040f9e98a6d2c438f4dc3b02b7873a6242423b8dde','8e9fe0914ebffe6f8fbde5146e064889fa2aae1bb8e743f6016aef205d06834d400840886f745716',0,'2021-01-22 14:42:13'),
('ff854af70864c663aef650ba1cd726854ce7eb922d80d0c89bbe7aaec6197efbbbedf782815fb96d','efe34fce26e63d759323b288eadc053e26f6053e8c4d84cbdef33ca86fc4db134a7eb82210c11ac0',0,'2021-01-31 12:51:17');

/*Table structure for table `password_resets` */

DROP TABLE IF EXISTS `password_resets`;

CREATE TABLE `password_resets` (
  `email` varchar(255) COLLATE utf8mb4_unicode_ci NOT NULL,
  `token` varchar(255) COLLATE utf8mb4_unicode_ci NOT NULL,
  `created_at` timestamp NULL DEFAULT NULL,
  KEY `password_resets_email_index` (`email`)
) ENGINE=InnoDB DEFAULT CHARSET=utf8mb4 COLLATE=utf8mb4_unicode_ci;

/*Data for the table `password_resets` */

/*Table structure for table `posts` */

DROP TABLE IF EXISTS `posts`;

CREATE TABLE `posts` (
  `id` int(10) unsigned NOT NULL AUTO_INCREMENT,
  `title` varchar(255) COLLATE utf8mb4_unicode_ci NOT NULL,
  `body` text COLLATE utf8mb4_unicode_ci NOT NULL,
  `user_id` int(10) unsigned NOT NULL,
  `created_at` timestamp NULL DEFAULT NULL,
  `updated_at` timestamp NULL DEFAULT NULL,
  PRIMARY KEY (`id`)
) ENGINE=InnoDB DEFAULT CHARSET=utf8mb4 COLLATE=utf8mb4_unicode_ci;

/*Data for the table `posts` */

/*Table structure for table `request_user` */

DROP TABLE IF EXISTS `request_user`;

CREATE TABLE `request_user` (
  `id` int(10) NOT NULL AUTO_INCREMENT,
  `nama_acara_request` text DEFAULT NULL,
  `tanggal` text DEFAULT NULL,
  `lokasi` text DEFAULT NULL,
  `keterangan` text DEFAULT NULL,
  `nama_pengguna` text DEFAULT NULL,
  `alamat` text DEFAULT NULL,
  `created_at` timestamp NULL DEFAULT NULL,
  `updated_at` timestamp NULL DEFAULT NULL,
  `photo` text DEFAULT NULL,
  PRIMARY KEY (`id`)
) ENGINE=InnoDB AUTO_INCREMENT=29 DEFAULT CHARSET=utf8mb4;

/*Data for the table `request_user` */

insert  into `request_user`(`id`,`nama_acara_request`,`tanggal`,`lokasi`,`keterangan`,`nama_pengguna`,`alamat`,`created_at`,`updated_at`,`photo`) values 
(14,'test request acara gambar','12/12/2020','denpasar','test','Diah Putri','denpasar','2021-01-05 18:20:53','2021-01-05 18:20:53',NULL),
(15,'test request acara gambar 2','12/12/2020','denpasar','test','Diah Putri','denpasar','2021-01-05 18:23:51','2021-01-05 18:23:51',NULL),
(20,'acara nikahan plis approve','12/12/2021','peguyangan kaja','acara nikahan plis approve','Diah Putri','denpasar','2021-01-07 00:31:27','2021-01-07 00:31:27','image/IMG_REQUEST_acara nikahan plis approve.jpg'),
(23,'Test Request Acara ke Admin','12/12/2021','Denpasar','Test Request Acara','Awen Hariwijaya','Denpasar','2021-01-07 03:33:50','2021-01-07 03:33:50','image/IMG_REQUEST_Test Request Acara ke Admin.jpg'),
(24,'Test Input Request Acara STT','12/12/2020','Denpasar','Test Input Acara Request STT','Awen Hariwijaya','Denpasar','2021-01-07 11:58:31','2021-01-07 11:58:31','image/IMG_REQUEST_Test Input Request Acara STT.jpg'),
(25,'Test input request tanggal','7/3/2021','Denpasar','Test','Awen Hariwijaya','Test','2021-01-07 12:20:54','2021-01-07 12:20:54','image/IMG_REQUEST_Test input request tanggal.jpg'),
(26,'test','7/1/2021','denpasar','test','Awen Hariwijaya','denpasar','2021-01-07 12:23:57','2021-01-07 12:23:57','image/IMG_REQUEST_test.jpg'),
(27,'Test Input Acara Postman Update',NULL,'dps','test','Awen','ps','2021-01-08 06:33:41','2021-01-08 06:33:41',NULL);

/*Table structure for table `users` */

DROP TABLE IF EXISTS `users`;

CREATE TABLE `users` (
  `id` bigint(20) unsigned NOT NULL AUTO_INCREMENT,
  `name` varchar(255) COLLATE utf8mb4_unicode_ci NOT NULL,
  `email` varchar(255) COLLATE utf8mb4_unicode_ci NOT NULL,
  `alamat_rumah` text COLLATE utf8mb4_unicode_ci DEFAULT NULL,
  `password` varchar(255) COLLATE utf8mb4_unicode_ci NOT NULL,
  `remember_token` varchar(100) COLLATE utf8mb4_unicode_ci DEFAULT NULL,
  `created_at` timestamp NULL DEFAULT NULL,
  `updated_at` timestamp NULL DEFAULT NULL,
  `no_telepon` varchar(20) COLLATE utf8mb4_unicode_ci DEFAULT NULL,
  `role` text COLLATE utf8mb4_unicode_ci DEFAULT NULL,
  PRIMARY KEY (`id`),
  UNIQUE KEY `users_email_unique` (`email`)
) ENGINE=InnoDB AUTO_INCREMENT=35 DEFAULT CHARSET=utf8mb4 COLLATE=utf8mb4_unicode_ci;

/*Data for the table `users` */

insert  into `users`(`id`,`name`,`email`,`alamat_rumah`,`password`,`remember_token`,`created_at`,`updated_at`,`no_telepon`,`role`) values 
(1,'awen','awen@test.id',NULL,'$2y$10$JgmAN3XNBTdLtaFNefyzx.xwgrvFuuoo.OUSzPygb3gNnUStJzqJO',NULL,'2020-11-22 18:13:39','2020-11-22 18:13:39',NULL,NULL),
(2,'awen','awen@gmail.id',NULL,'$2y$10$U8muVPWKlpa505dp60m/2uEU.WR9dgdySH6GD7J71iTmjGUNOjpnO',NULL,'2020-11-22 18:14:54','2020-11-22 18:14:54',NULL,NULL),
(5,'Awen Hariwijaya','hariwijayaawen@gmail.com',NULL,'test123456',NULL,'2020-11-24 15:48:33','2020-11-24 15:48:33',NULL,NULL),
(6,'Test Account','test@test.id',NULL,'$2y$10$e4AGPLMoDDzYosTLS/RAKO3K3NUCiYKLrD6SPl1oS9QZfH4W1ayni',NULL,'2020-12-11 07:18:20','2020-12-11 07:18:20',NULL,NULL),
(7,'awen','awen@gmail.test.id',NULL,'$2y$10$b2XMyE9.oq.xlLDBCktgQexiZBJg6wPM1VDydkisFqyp6IPlCjtF2',NULL,'2020-12-16 03:40:20','2020-12-16 03:40:20',NULL,NULL),
(8,'awen','awen@test.gmail.id',NULL,'$2y$10$JUMlvNOQ00qe1IMuXF4dmeSJ8IyM4laZCA3EOuwE4OXOZO3ZTUDNS',NULL,'2020-12-16 16:19:26','2020-12-16 16:19:26',NULL,NULL),
(9,'awen','awen@testtest.id',NULL,'$2y$10$UZN8DvjN0VULCP7DY8Q/PuY34YjoukflxzlRRxzLURSFTwnViknRK',NULL,'2020-12-16 16:19:49','2020-12-16 16:19:49',NULL,NULL),
(10,'Test Account','test@testtest.id',NULL,'$2y$10$TPUDWvfPGRBc/z/KhHsumOUdZPnXq556qCEx5htYEGa5yk4YJKSpi',NULL,'2020-12-19 10:49:43','2020-12-19 10:49:43',NULL,NULL),
(11,'test2','testaccount1@testaccount.id',NULL,'123456789',NULL,'2020-12-19 11:16:56','2020-12-25 12:56:07',NULL,NULL),
(12,'sinta','sinta@account.id','ubung','$2y$10$oVBmrUGhHpt1Ixxvlkft9Omsh/3QCmohTop32JnIej5MMoaf9bcgW',NULL,'2020-12-25 13:26:28','2020-12-25 13:26:28','12345679',NULL),
(13,'deddy','deddy@gmail.com',NULL,'$2y$10$p44QFCyl.l.BK90u.EyB5u921uTNfEWdiqk7eVpU5YS4mSywc.gMC',NULL,'2020-12-25 13:31:16','2020-12-25 13:31:16',NULL,NULL),
(14,'test account','testingaccount@account.id','123456','$2y$10$Ip0MpgEMww9Hn/qs0QZOneZpS.ld1epD3/l16.an4CoPhertfOIfO',NULL,'2020-12-25 14:17:58','2020-12-25 14:17:58','dps',NULL),
(15,'maharani sigma','putri@gmail.com','jimbaran','$2y$10$TV/nNTI0./xnDGwohzM.puz.AYKNerHP8IEHVywr1fB1P7Kx8Fy5y',NULL,'2020-12-25 14:19:56','2020-12-26 04:29:13','0123456','Pengguna'),
(16,'sintaa','sinta2@account.id','ubung','$2y$10$DOkRGzgz11FGxWv9v9Sb9.avgM26OTh4VtTXfwYo2BzozToSYE9bG',NULL,'2020-12-25 14:27:16','2020-12-25 14:27:16','012345679',NULL),
(17,'sintaa','sinta3@account.id','ubung','$2y$10$ukGedhY75GFBtq4moPBszeoja/NRornP1AoVGuyg0nWJF/mdBClxO',NULL,'2020-12-25 15:48:30','2020-12-25 15:48:30','012345679',NULL),
(20,'pengguna 3','pengguna3@gmail.com','denpasar','$2y$10$9r5lMHwHSH52Oubqv9TrxO52NRBy7eu7Agfq0AH/I2zgKBKdPHw.C',NULL,'2020-12-26 06:12:22','2020-12-26 06:12:22','12341323','Pengguna'),
(21,'userr','user@gmail.com','denpasar','$2y$10$MDJ3fImgV0STmqTeSI6Ige6/5k3MuU4RMX0AhOTbTesI9gu02484q',NULL,'2020-12-26 06:27:43','2020-12-26 06:27:43','01237621','Pengguna'),
(22,'yoga','yoga@gmail.com','denpasar','$2y$10$GCgBQKcA0lhH87R5CSehyengnym.sbVTglzfNWhWahG1bIJF6aV/u',NULL,'2020-12-26 08:59:48','2020-12-26 08:59:48','08173612','Pengurus'),
(23,'candra','candra@gmail.com','denpasar','$2y$10$3MpeZwCIpmCRQRZTahtwPeWkfZIuE.TELXqpHfzqN0vUjn5vfSyYq',NULL,'2020-12-26 09:00:30','2020-12-26 09:00:30','081231','Pengguna'),
(24,'sin','sin@gmail.com','dps','$2y$10$vaqUo8yDzj.yxp.//uIJsuTnF1RO3htRTbUb6SxvVyey0AEgBPvdW',NULL,'2020-12-26 09:20:31','2020-12-26 09:20:31','111111','Pengguna'),
(25,'Sintha Adelia','sinthaadelia@gmail.com','nusa dua','$2y$10$j6zPdQT/XK89PMEk1WqkKueZTAlVmBLAdw8d0FOKAOee9iLnSdEse',NULL,'2020-12-27 08:47:16','2020-12-27 08:47:16','123456','Pengguna'),
(26,'Diah Putri','diahputri@gmail.com','denpasar','$2y$10$2WfUUVq/v8slK9oHRy73oOA16oQ/k8n57plrHWT8f7ZnFwdYKKebm',NULL,'2020-12-27 09:25:15','2020-12-27 09:25:15','123456','Pengguna'),
(27,'pengurus awen 2','pengurus@gmail.com','ubung kaja','$2y$10$mo0bYEEJCV8PxaAt9FtpB.yiOSlcYjo1.k3knlRFQ4htJncj9qkCi',NULL,'2020-12-27 14:47:33','2021-01-08 06:59:58','123456','Pengurus'),
(28,'Gusti Ayu','gustiayu@gmail.com','denpasar','$2y$10$fuI2OP08GF76ZlUIKDtRSuQUxyc2lJb5hAw8DMy0Zsa3zEsNeSFs.',NULL,'2020-12-29 17:57:45','2020-12-29 17:57:45','123456','Pengurus'),
(29,'dayu widya','dayuwidya@gmail.com','denpasar','$2y$10$eCeSog7wsIvyuPMc8PA5Wulec2ss3bbLg88UrSsswWsOWdaYHddRu',NULL,'2021-01-03 08:35:46','2021-01-03 08:35:46','123456','Pengguna'),
(30,'pengurus 2','pengurus2@gmail.com','denpasar','$2y$10$n23Q.guCd8R4j4yGZOT5wui2Nq9j4Xaf7v4SnWzuEEKdLjSx.OwkG',NULL,'2021-01-03 08:36:18','2021-01-03 08:36:18','123456','Pengurus'),
(31,'pengguna test hp','testhp@gmail.com','denpasar','$2y$10$jZI2CSQbl0HHgwnYCfMePuhjN36j.lmpl3gC/Bq6dMyhqZSOquxgq',NULL,'2021-01-04 12:42:16','2021-01-04 12:42:16','123456','Pengguna'),
(32,'Awen Hariwijaya','awen@gmail.com','Denpasar','$2y$10$lJwfPE7L7emKC9u7loXwFO6/8M.WhGoV/Zs3ia3r9bC3JmFkz4mbW',NULL,'2021-01-07 03:32:20','2021-01-07 03:32:20','123456','Pengguna'),
(33,'Komang','komang@gmail.com','ubung','$2y$10$PRaPY1QDahqmfk2b25x2ouTY6wAZ2FZ.Z00ZQyhUpuTuQDKCUPOFO',NULL,'2021-01-08 06:27:41','2021-01-08 06:27:41','123456789','Pengguna'),
(34,'Candra Puspita','candra2@gmail.com','Denpasar','$2y$10$KYTJKhA63xH33dMdRCqoqe7yzk1MhpLYUiBIm79j2tlZ0fBscXP0S',NULL,'2021-01-08 07:01:10','2021-01-08 07:01:10','123456','Pengguna');

/*!40101 SET SQL_MODE=@OLD_SQL_MODE */;
/*!40014 SET FOREIGN_KEY_CHECKS=@OLD_FOREIGN_KEY_CHECKS */;
/*!40014 SET UNIQUE_CHECKS=@OLD_UNIQUE_CHECKS */;
/*!40111 SET SQL_NOTES=@OLD_SQL_NOTES */;
